"","transect","sample","latitude","longitude","Amphibolis","Posidonia","Thalassodendrum","Turf.algae","Erect.coarse.branching","Erect.fine.branching","strap.like","macroalgaeother"
"274","T2","1748",-33.58843333,115.1823,0,100,0,0,0,0,0,0
"275","T2","1750",-33.58836667,115.18235,0,90,0,0,0,0,10,0
"276","T2","1757",-33.58816667,115.18255,0,80,0,20,0,0,0,-20
"277","T2","1792",-33.58708333,115.1828833,0,33.33,0,0,0,0,66.67,0
"278","T2","1799",-33.58686667,115.1829,0,30,0,10,0,0,60,-10
"279","T2","1800",-33.58685,115.1829167,0,20,0,0,0,0,80,0
"280","T2","1812",-33.58648333,115.1831,0,100,0,0,0,0,0,0
"281","T2","1814",-33.58641667,115.1831,0,71.43,0,0,0,0,28.57,0
"282","T2","1827",-33.58601667,115.1833167,0,37.5,0,0,0,0,50,0
"283","T2","1829",-33.58595,115.1833667,0,0,0,0,0,0,60,0
"284","T2","1843",-33.58553333,115.1835333,0,40,0,0,0,0,0,0
"285","T2","1850",-33.58528333,115.1836333,0,0,0,0,0,0,10,0
"286","T2","1852",-33.58523333,115.1836667,0,0,0,0,0,0,23.08,0
"287","T2","1883",-33.5843,115.1840667,0,10,0,0,0,60,20,0
"288","T2","1885",-33.58425,115.1841,0,16.67,0,0,0,16.67,16.67,0
"289","T2","1887",-33.58418333,115.1841,0,12.5,0,0,0,12.5,37.5,0
"290","T2","1889",-33.58411667,115.1841,0,30,0,0,0,0,30,0
"291","T2","1908",-33.58351667,115.1843,0,10,0,0,0,0,20,0
"292","T2","1927",-33.58293333,115.1845167,0,64.28,0,0,0,0,28.57,0
"293","T2","1935",-33.58268333,115.1846,0,0,0,0,0,0,0,0
"294","T2","1944",-33.58241667,115.1846667,100,0,0,0,0,0,0,0
"295","T2","1947",-33.58231667,115.1847333,0,0,0,0,0,0,100,0
"296","T2","1967",-33.58173333,115.18505,10,30,0,10,0,0,50,-10
"297","T2","1972",-33.58156667,115.18515,0,0,0,0,0,0,100,0
"298","T2","1981",-33.58126667,115.1852,40,0,0,0,0,0,60,0
"299","T2","1984",-33.58118333,115.1852333,0,80,0,0,0,0,20,0
"300","T2","1988",-33.58106667,115.18535,0,0,0,0,0,0,80,0
"301","T2","1990",-33.58098333,115.1853667,0,0,0,0,0,0,40,0
"302","T2","1994",-33.58086667,115.1854,50,0,0,0,0,0,50,0
"303","T2","1996",-33.58078333,115.1854,0,0,0,0,0,0,0,0
"304","T2","2001",-33.58061667,115.18545,0,0,0,0,0,0,9.09,0
"305","T2","2004",-33.58051667,115.18555,0,33.33,0,0,0,0,55.55,0
"306","T2","2018",-33.58005,115.1856833,40,0,0,0,0,0,0,0
"307","T2","2020",-33.57998333,115.1857167,0,0,0,0,0,0,30,0
"308","T2","2022",-33.57991667,115.1857333,80,0,0,0,0,0,20,0
"309","T2","2025",-33.57981667,115.1857833,100,0,0,0,0,0,0,0
"310","T2","2033",-33.57955,115.1858833,83.34,0,0,0,0,0,16.67,0
"311","T2","2035",-33.57948333,115.1859,0,0,0,40,0,0,60,-40
"312","T2","2045",-33.57911667,115.18595,0,0,0,40,0,0,60,-40
"313","T2","2050",-33.57895,115.1860167,0,100,0,0,0,0,0,0
"314","T2","2057",-33.57871667,115.1861,0,100,0,0,0,0,0,0
"315","T2","2061",-33.57856667,115.1861,100,0,0,0,0,0,0,0
"316","T2","2076",-33.57811667,115.1865333,0,33.33,0,0,0,0,66.67,0
"317","T2","2083",-33.57795,115.1867833,0,90,0,0,0,0,10,0
"318","T2","2087",-33.57783333,115.1868833,0,30,0,0,0,0,70,0
"319","T2","2094",-33.57758333,115.1869667,30.76,30.77,0,0,0,0,38.46,0
"320","T2","2099",-33.5774,115.1870333,50,0,0,0,0,0,50,0
"321","T2","2103",-33.57726667,115.1871,0,50,0,0,0,0,20,0
"322","T2","2105",-33.5772,115.1871,0,100,0,0,0,0,0,0
"323","T2","2108",-33.5771,115.1871667,0,10,0,0,0,0,60,0
"324","T2","2135",-33.5762,115.1875667,0,0,0,0,0,0,100,0
"325","T2","2141",-33.57596667,115.1876167,0,0,0,40,0,0,60,-40
"326","T2","2153",-33.57561667,115.18785,0,38.46,0,0,0,0,61.54,0
"327","T2","2155",-33.57555,115.1879,0,0,0,40,0,0,60,-40
"328","T2","2158",-33.57545,115.1879167,40,0,0,60,0,0,0,-60
"329","T2","2162",-33.57531667,115.18795,0,0,0,0,0,10,70,0
"330","T2","2165",-33.57521667,115.188,0,44.44,0,0,0,0,44.44,0
"331","T2","2167",-33.57515,115.1880333,0,69.23,0,0,0,0,30.77,0
"332","T2","2173",-33.57495,115.18815,0,60,0,0,0,0,40,0
"333","T2","2181",-33.5747,115.1883,0,58.33,0,8.33,16.67,0,16.67,-8.33
"334","T2","2185",-33.57456667,115.1883833,40,0,0,0,0,0,60,0
"335","T2","2191",-33.57436667,115.1885333,0,50,0,0,0,0,30,0
"336","T2","2201",-33.57401667,115.1885833,20,0,0,0,0,0,80,0
"337","T2","2218",-33.57345,115.1886,0,50,0,0,0,0,50,0
"338","T2","2261",-33.57201667,115.1888333,46.66,0,0,0,0,0,20,0
"339","T2","2269",-33.57175,115.1888833,0,0,0,50,0,0,0,-50
"340","T2","2282",-33.57131667,115.1891167,0,0,0,50,0,0,0,-50
"341","T2","2286",-33.57118333,115.18915,55.55,0,0,0,0,0,44.44,0
"342","T2","2289",-33.57108333,115.1891667,0,0,0,0,0,0,0,0
"343","T2","2296",-33.57086667,115.1893,0,0,0,0,0,0,0,0
"344","T2","2322",-33.57003333,115.1893,7.14,0,0,0,0,0,7.14,0
"345","T2","2325",-33.56993333,115.1892833,10,0,0,0,0,0,0,0
"346","T2","2342",-33.5694,115.1893167,8.33,0,0,16.67,0,0,0,-16.67
"347","T2","2383",-33.56815,115.1890833,40,0,0,60,0,0,0,-60
"348","T2","2385",-33.56808333,115.1890667,0,20,0,50,0,0,30,-50
"349","T2","2411",-33.5673,115.18895,57.14,0,0,0,0,0,28.57,0
"350","T2","2414",-33.56721667,115.1889,0,0,0,0,0,0,100,0
"351","T2","2416",-33.56718333,115.18885,0,100,0,0,0,0,0,0
"352","T2","2418",-33.56711667,115.1888167,0,0,0,0,0,0,100,0
"353","T2","2424",-33.56693333,115.1887833,55.56,0,0,0,0,0,44.44,0
"354","T2","2426",-33.56688333,115.1887833,25,12.5,0,0,0,0,0,0
"355","T2","2428",-33.56681667,115.1887833,20,0,0,10,0,0,0,-10
"356","T2","2432",-33.5667,115.1887833,0,30,0,30,0,0,30,-30
"357","T2","2436",-33.56658333,115.1887667,15.38,61.54,0,0,0,0,23.08,0
"358","T2","2449",-33.56615,115.1888,0,0,0,60,0,0,40,-60
"359","T2","2461",-33.56578333,115.1887667,0,0,0,100,0,0,0,-100
"360","T2","2468",-33.56563333,115.1887333,0,0,0,0,0,0,0,0
"361","T2","2475",-33.56561667,115.1887333,0,0,0,0,0,0,12.5,0
"362","T2","2477",-33.56561667,115.1887333,0,0,0,0,0,0,77.77,0
"390","T3","0161",-33.59973333,115.21695,14.29,0,0,0,0,0,85.72,0
"391","T3","0161",-33.59973333,115.21695,14.29,0,0,0,0,0,85.72,0
"392","T3","0181",-33.59893333,115.2168,60,0,0,0,0,0,40,0
"393","T3","0181",-33.59893333,115.2168,60,0,0,0,0,0,40,0
"394","T3","0192",-33.59851667,115.2168,50,0,0,0,0,0,50,0
"395","T3","0192",-33.59851667,115.2168,50,0,0,0,0,0,50,0
"396","T3","0194",-33.59843333,115.2167667,18.18,18.18,0,0,0,0,63.64,0
"397","T3","0194",-33.59843333,115.2167667,18.18,18.18,0,0,0,0,63.64,0
"398","T3","0203",-33.59811667,115.2166333,0,40,0,0,0,0,60,0
"399","T3","0203",-33.59811667,115.2166333,0,40,0,0,0,0,60,0
"400","T3","0205",-33.59803333,115.2166333,0,41.18,0,0,0,0,58.82,0
"401","T3","0205",-33.59803333,115.2166333,0,41.18,0,0,0,0,58.82,0
"402","T3","0209",-33.59788333,115.21655,62.5,0,0,0,0,0,37.5,0
"403","T3","0209",-33.59788333,115.21655,62.5,0,0,0,0,0,37.5,0
"404","T3","0211",-33.59781667,115.2165167,0,8.33,0,41.67,0,25,25,-41.67
"405","T3","0211",-33.59781667,115.2165167,0,8.33,0,41.67,0,25,25,-41.67
"406","T3","0216",-33.59763333,115.2164833,0,75,0,25,0,0,0,-25
"407","T3","0216",-33.59763333,115.2164833,0,75,0,25,0,0,0,-25
"408","T3","0235",-33.59696667,115.21615,0,5.88,0,0,0,0,94.11,0
"409","T3","0235",-33.59696667,115.21615,0,5.88,0,0,0,0,94.11,0
"410","T3","0240",-33.5968,115.21605,0,0,0,0,0,0,100,0
"411","T3","0240",-33.5968,115.21605,0,0,0,0,0,0,100,0
"412","T3","0249",-33.59646667,115.21605,0,87.5,0,0,0,0,12.5,0
"413","T3","0249",-33.59646667,115.21605,0,87.5,0,0,0,0,12.5,0
"414","T3","0251",-33.59638333,115.21605,0,69.23,0,0,0,0,30.77,0
"415","T3","0251",-33.59646667,115.21605,0,69.23,0,0,0,0,30.77,0
"416","T3","0259",-33.59611667,115.2160167,62.5,0,0,0,0,0,37.5,0
"417","T3","0261",-33.59601667,115.2160333,0,0,0,0,0,0,100,0
"418","T3","0312",-33.59421667,115.2165167,11.11,0,0,0,0,0,33.33,0
"419","T3","0315",-33.5941,115.2165333,0,0,0,0,0,0,25,0
"420","T3","0323",-33.5938,115.2164333,70,0,0,0,0,0,0,0
"421","T3","0332",-33.59346667,115.2163167,10,0,0,30,0,0,60,-30
"422","T3","0366",-33.59316667,115.2165667,0,80,0,0,0,0,20,0
"423","T3","0373",-33.5929,115.2165333,72.73,0,0,0,0,0,18.18,0
"424","T3","0381",-33.59261667,115.2164,75,0,0,0,0,0,16.67,0
"425","T3","0385",-33.59245,115.2163333,0,0,0,100,0,0,0,-100
"426","T3","0390",-33.59225,115.2163,0,30,0,0,0,0,60,0
"427","T3","0400",-33.59186667,115.2162333,0,0,0,0,0,0,0,0
"428","T3","0424",-33.59091667,115.2161,20,0,0,0,0,0,80,0
"429","T3","0426",-33.59083333,115.2161,60,0,0,0,0,0,40,0
"430","T3","0435",-33.59051667,115.2161,50,0,0,0,0,0,50,0
"431","T3","0444",-33.59018333,115.216,0,60,0,0,0,0,0,0
"432","T3","0461",-33.58951667,115.2157167,0,0,0,0,0,0,100,0
"433","T3","0481",-33.58878333,115.2155833,0,20,0,0,0,0,80,0
"434","T3","0503",-33.588,115.2152667,0,60,0,0,0,0,40,0
"435","T3","0509",-33.58778333,115.2152167,0,70,0,0,0,0,30,0
"436","T3","0518",-33.58745,115.2150667,0,50,0,0,0,0,40,0
"437","T3","0522",-33.5873,115.21505,0,61.54,0,0,0,0,30.77,0
"438","T3","0526",-33.58713333,115.215,10,0,0,0,0,0,0,0
"439","T3","0539",-33.58665,115.21485,80,0,0,0,0,0,20,0
"440","T3","0562",-33.58583333,115.2145333,0,80,0,0,0,0,0,0
"441","T3","0617",-33.58388333,115.2135333,0,0,0,0,0,0,0,0
"442","T3","0635",-33.5832,115.2133167,0,0,0,0,0,0,0,0
"443","T3","0662",-33.58221667,115.2129667,0,0,0,0,0,0,100,0
"444","T3","0686",-33.5814,115.2127167,0,60,0,0,0,0,40,0
"445","T3","0688",-33.58131667,115.2126833,0,80,0,0,0,0,20,0
"446","T3","0690",-33.58126667,115.2126333,0,0,0,10,30,0,60,-10
"447","T3","0696",-33.58101667,115.2127167,0,0,0,0,0,0,100,0
"448","T3","0711",-33.58048333,115.2127667,0,46.15,0,38.46,0,15.38,0,-38.46
"449","T3","0714",-33.58036667,115.21275,0,0,0,0,0,0,100,0
"450","T3","0724",-33.58,115.2126667,0,100,0,0,0,0,0,0
"451","T3","0728",-33.57985,115.2126167,0,62.5,0,0,0,0,37.5,0
"452","T3","0753",-33.57891667,115.2124167,50,40,0,0,0,0,10,0
"453","T3","0780",-33.57795,115.21275,0,0,0,0,0,0,0,0
"454","T3","0791",-33.57758333,115.21285,50,0,0,0,0,10,0,0
"455","T3","0803",-33.57713333,115.2128333,0,0,0,0,0,0,0,0
"456","T3","0809",-33.57693333,115.2129833,0,0,0,0,0,0,0,0
"457","T3","0815",-33.57675,115.21315,0,0,0,0,0,0,0,0
"458","T3","0822",-33.57648333,115.2132,0,0,0,0,0,0,0,0
"459","T3","0824",-33.57641667,115.2132,0,0,0,0,0,0,0,0
"460","T3","0833",-33.57608333,115.2132167,0,0,0,0,0,0,0,0
"461","T3","0837",-33.57593333,115.21325,0,0,0,0,0,0,30,0
"462","T3","0856",-33.5753,115.2134,0,0,0,0,0,0,0,0
"463","T3","0860",-33.57515,115.2134333,0,10,0,0,0,0,40,0
"464","T3","0869",-33.57483333,115.2134833,0,0,0,0,0,0,0,0
"465","T3","0873",-33.5747,115.21345,10,0,0,0,0,0,20,0
"466","T3","0875",-33.57461667,115.2134667,0,10,0,0,0,0,0,0
"467","T3","0882",-33.57435,115.2134333,0,0,0,0,0,0,0,0
"468","T3","0884",-33.5743,115.2134167,0,0,0,0,0,0,0,0
"469","T3","0900",-33.5737,115.2133,0,80,0,0,0,0,20,0
"470","T3","0902",-33.57363333,115.2133167,22.22,0,0,0,0,0,44.44,0
"471","T3","0937",-33.57241667,115.2129333,100,0,0,0,0,0,0,0
"472","T3","0939",-33.57235,115.2129167,42.86,0,0,0,0,0,28.57,0
"473","T3","0950",-33.57193333,115.2128667,0,0,0,0,0,0,0,0
"474","T3","0963",-33.5715,115.2128833,0,0,0,0,0,0,20,0
"475","T3","0965",-33.57143333,115.2128833,0,0,0,0,0,80,0,0
"476","T3","0969",-33.57125,115.2129167,83.34,0,0,0,0,0,0,0
"477","T3","0971",-33.5712,115.21295,0,0,0,0,0,0,60,0
"478","T3","0973",-33.57113333,115.213,0,100,0,0,0,0,0,0
"479","T3","0975",-33.57106667,115.2130333,0,100,0,0,0,0,0,0
"480","T3","0983",-33.5708,115.2129333,0,70,0,0,0,0,20,0
"481","T3","0987",-33.57068333,115.2128833,0,10,0,0,0,0,80,0
"482","T3","0991",-33.57053333,115.2128667,40,0,0,0,0,0,60,0
"483","T3","0993",-33.57046667,115.21285,0,0,0,0,0,0,80,0
"484","T3","1007",-33.57001667,115.21285,0,0,0,0,0,0,0,0
"485","T3","1009",-33.56991667,115.2128167,0,0,0,0,0,0,0,0
"486","T3","1017",-33.56966667,115.2127333,0,30,0,0,0,0,0,0
"487","T3","1019",-33.5696,115.2127667,40,0,0,0,0,0,0,0
"488","T3","1022",-33.56948333,115.21285,0,0,0,100,0,0,0,-100
"489","T3","1023",-33.56945,115.2128333,0,0,0,100,0,0,0,-100
"490","T3","1025",-33.56936667,115.2128333,0,0,0,100,0,0,0,-100
"491","T3","1027",-33.56931667,115.2128167,0,61.54,0,38.46,0,0,0,-38.46
"492","T3","1042",-33.56881667,115.2126,0,0,0,70,0,0,30,-70
"493","T3","1044",-33.56873333,115.2125833,0,44.44,0,0,0,0,55.55,0
"494","T3","1046",-33.56868333,115.2125667,0,0,0,0,0,0,100,0
"495","T3","1048",-33.5686,115.2125333,0,55.56,0,0,0,0,44.44,0
"496","T3","1052",-33.56848333,115.2125167,0,0,0,0,0,0,0,0
"497","T3","1054",-33.5684,115.2124833,0,0,0,0,0,0,30,0
"498","T3","1058",-33.56826667,115.2124167,20,0,0,50,0,0,10,-50
"499","T3","1060",-33.5682,115.2123667,0,0,0,100,0,0,0,-100
"500","T3","1068",-33.56796667,115.2122833,0,0,0,0,0,0,0,0
"501","T3","1070",-33.56788333,115.2122833,0,50,0,0,0,0,50,0
"502","T3","1072",-33.5678,115.2122667,20,40,0,0,0,0,0,0
"503","T3","1080",-33.56753333,115.2122667,0,0,0,50,0,0,50,-50
"504","T3","1086",-33.56731667,115.21225,0,22.22,0,66.67,0,0,11.11,-66.67
"505","T3","1089",-33.56721667,115.2122333,0,0,0,0,0,0,0,0
"506","T3","1091",-33.56716667,115.2122,0,20,0,0,0,0,0,0
"507","T3","1093",-33.56708333,115.2122,0,0,0,0,0,0,0,0
"508","T3","1100",-33.56686667,115.2121833,0,0,0,0,0,0,0,0
"509","T3","1105",-33.56668333,115.2122167,40,0,0,0,0,0,50,0
"510","T3","1107",-33.56661667,115.2122,0,10,0,40,0,40,0,-40
"511","T3","1109",-33.56655,115.2121667,0,100,0,0,0,0,0,0
"512","T3","1127",-33.56595,115.2119667,0,0,0,0,0,0,0,0
"513","T3","1129",-33.5659,115.2119667,0,10,0,0,0,0,40,0
"514","T3","1141",-33.56548333,115.2118667,0,0,0,0,0,0,60,0
"515","T3","1142",-33.56543333,115.2118667,0,0,0,0,0,0,100,0
"516","T3","1147",-33.5653,115.2118333,11.11,44.44,0,0,0,0,44.44,0
"517","T3","1155",-33.56501667,115.2118,25,0,0,75,0,0,0,-75
"518","T3","1160",-33.56488333,115.2117333,92.86,0,0,0,0,0,0,0
"519","T3","1160",-33.56488333,115.2117333,92.86,0,0,0,0,0,0,0
"520","T3","1162",-33.56483333,115.2117,0,0,0,100,0,0,0,-100
"521","T3","1164",-33.56475,115.2116833,0,0,0,100,0,0,0,-100
"522","T3","1169",-33.5646,115.2116167,0,0,0,5.26,0,26.32,0,-5.26
"523","T3","1171",-33.56455,115.2116,0,66.66,0,0,0,0,33.33,0
"524","T3","1174",-33.56441667,115.21155,0,0,0,0,0,0,100,0
"525","T3","1176",-33.56438333,115.2115333,50,25,0,0,0,0,0,0
"526","T3","1183",-33.56418333,115.2114167,0,0,0,40,0,40,0,-40
"527","T3","1185",-33.56411667,115.2114167,0,40,0,60,0,0,0,-60
"528","T3","1190",-33.56393333,115.21145,14.29,0,0,0,0,0,57.15,0
"529","T3","1197",-33.56373333,115.2114,0,0,0,0,0,0,80,0
"530","T3","1203",-33.56351667,115.2114,0,0,0,0,0,0,100,0
"531","T3","1205",-33.5635,115.2114,0,0,0,0,0,0,90,0
"532","T3","1210",-33.56333333,115.2113,0,0,0,0,0,0,10,0
"533","T3","1216",-33.56318333,115.2111667,0,0,0,0,0,0,0,0
"754","T4","0801",-33.55378333,115.3111833,0,0,0,0,0,0,100,0
"755","T4","0805",-33.55391667,115.3112333,0,70,0,20,0,0,10,-20
"756","T4","0807",-33.55396667,115.3112,16.67,66.67,0,0,0,0,16.67,0
"757","T4","0809",-33.55405,115.3111667,0,100,0,0,0,0,0,0
"758","T4","0815",-33.55425,115.3111,0,33.33,0,66.67,0,0,0,-66.67
"759","T4","0817",-33.55433333,115.31105,20,20,0,0,0,0,50,0
"760","T4","0819",-33.5544,115.3110167,0,0,0,10,0,0,30,-10
"761","T4","0841",-33.55516667,115.3107667,0,40,0,40,0,0,20,-40
"762","T4","0855",-33.55563333,115.3104833,0,11.11,0,77.78,0,0,11.11,-77.78
"763","T4","0861",-33.55583333,115.3104,0,62.5,0,0,0,0,37.5,0
"764","T4","0863",-33.55593333,115.3104167,0,55.56,0,0,0,0,44.44,0
"765","T4","0865",-33.55601667,115.3104,50,0,0,0,0,0,50,0
"766","T4","0870",-33.5562,115.3104167,0,0,0,37.5,0,0,62.5,-37.5
"767","T4","0875",-33.55635,115.31035,0,100,0,0,0,0,0,0
"768","T4","0879",-33.55645,115.3101667,0,50,0,0,0,0,50,0
"769","T4","0881",-33.55651667,115.3101667,0,14.29,0,0,0,0,57.14,0
"770","T4","0883",-33.55658333,115.3101167,0,60,0,0,0,0,20,0
"771","T4","0891",-33.55688333,115.31005,80,0,0,0,0,0,10,0
"772","T4","0894",-33.55696667,115.3099667,0,80,0,10,0,0,10,-10
"773","T4","0896",-33.55703333,115.3098833,0,80,0,0,0,0,20,0
"774","T4","0907",-33.55741667,115.30965,0,66.66,0,0,0,0,33.33,0
"775","T4","0912",-33.55758333,115.3095667,10,20,0,50,0,0,10,-50
"776","T4","0915",-33.55763333,115.3094333,0,57.14,0,0,0,0,42.86,0
"777","T4","0918",-33.55771667,115.3093167,0,80,0,0,10,0,10,0
"778","T4","0921",-33.55778333,115.3092167,0,14.29,0,0,0,0,85.72,0
"779","T4","0926",-33.55798333,115.3091333,20,10,0,0,0,0,70,0
"780","T4","0933",-33.55821667,115.30905,0,27.27,0,0,0,0,72.73,0
"781","T4","0935",-33.55831667,115.3090167,0,90,0,0,0,0,10,0
"782","T4","0941",-33.55853333,115.3089167,0,55.55,0,0,0,0,44.44,0
"783","T4","0942",-33.55855,115.3089167,0,11.11,0,0,0,0,88.89,0
"784","T4","0944",-33.55861667,115.3088667,22.22,0,0,0,0,0,77.78,0
"785","T4","0946",-33.5587,115.30885,16.66,66.67,0,0,0,0,16.66,0
"786","T4","0948",-33.55878333,115.3088333,12.5,50,0,0,0,0,37.5,0
"787","T4","0951",-33.5589,115.3088333,0,44.44,0,11.11,0,0,44.44,-11.11
"788","T4","0953",-33.55898333,115.3088667,0,40,0,0,0,0,60,0
"789","T4","0963",-33.55935,115.3088833,11.11,66.67,0,0,0,0,22.22,0
"790","T4","0971",-33.55966667,115.3087833,0,62.5,0,0,0,0,37.5,0
"791","T4","0980",-33.55995,115.3086,58.34,0,0,0,0,0,25,0
"792","T4","0982",-33.56001667,115.3085333,20,0,0,10,0,0,60,-10
"793","T4","0995",-33.56043333,115.30825,80,0,0,0,0,0,10,0
"794","T4","0997",-33.56053333,115.30825,41.67,16.67,0,0,0,0,33.33,0
"795","T4","1003",-33.56078333,115.3083,20,10,0,0,0,0,50,0
"796","T4","1004",-33.5608,115.3083,7.69,30.76,0,0,0,0,30.76,0
"797","T4","1006",-33.5609,115.3083,50,0,0,0,0,0,50,0
"798","T4","1010",-33.56103333,115.30825,0,30,0,0,0,0,70,0
"799","T4","1013",-33.56115,115.3082167,90,0,0,0,0,0,10,0
"800","T4","1014",-33.56118333,115.3081833,30,0,0,0,0,0,50,0
"801","T4","1016",-33.56123333,115.30815,80,20,0,0,0,0,0,0
"802","T4","1017",-33.56128333,115.3081333,0,64.28,0,0,0,0,28.57,0
"803","T4","1019",-33.56138333,115.3081,16.66,25,0,0,0,0,58.33,0
"804","T4","1024",-33.56153333,115.3080167,45.45,18.18,0,0,0,0,36.36,0
"805","T4","1028",-33.56165,115.3079167,33.34,16.67,0,0,0,0,50,0
"806","T4","1030",-33.56175,115.3078833,0,11.11,0,0,0,0,44.44,0
"807","T4","1034",-33.5619,115.30785,0,0,0,20,0,0,80,-20
"808","T4","1036",-33.56198333,115.3078333,0,25,0,0,0,0,62.5,0
"809","T4","1038",-33.56205,115.3078,0,0,0,10,0,0,90,-10
"810","T4","1040",-33.5621,115.3077333,0,22.22,0,0,22.22,0,55.55,0
"811","T4","1041",-33.56215,115.3077,45.45,9.09,0,9.09,0,0,9.09,-9.09
"812","T4","1043",-33.56221667,115.3077,30,0,0,50,0,0,20,-50
"813","T4","1050",-33.56248333,115.3075667,0,61.53,0,38.46,0,0,0,-38.46
"814","T4","1053",-33.56261667,115.3075667,0,0,0,100,0,0,0,-100
"815","T4","1055",-33.5627,115.30755,0,0,0,100,0,0,0,-100
"816","T4","1057",-33.56276667,115.3075667,0,11.11,0,66.67,0,0,22.22,-66.67
"817","T4","1059",-33.56285,115.30755,0,36.36,0,54.55,0,0,0,-54.55
"818","T4","1066",-33.56313333,115.3075833,0,0,0,100,0,0,0,-100
"819","T4","1068",-33.56318333,115.30765,0,20,0,80,0,0,0,-80
"820","T4","1072",-33.56333333,115.3077667,0,30,0,60,0,0,10,-60
"821","T4","1077",-33.56351667,115.3077833,0,57.14,0,42.86,0,0,0,-42.86
"822","T4","1079",-33.56358333,115.3077833,0,50,0,20,0,10,0,-20
"823","T4","1083",-33.56375,115.3077667,0,10,0,90,0,0,0,-90
"824","T4","1094",-33.5642,115.3077333,0,0,0,100,0,0,0,-100
"825","T4","1096",-33.56428333,115.3077333,0,10,0,90,0,0,0,-90
"826","T4","1100",-33.56441667,115.3077,0,36.36,0,63.64,0,0,0,-63.64
"827","T4","1105",-33.56463333,115.3077333,0,10,0,80,0,0,10,-80
"828","T4","1112",-33.5649,115.3077833,0,0,0,100,0,0,0,-100
"829","T4","1118",-33.56511667,115.30785,0,90,0,10,0,0,0,-10
"830","T4","1126",-33.56543333,115.3079333,0,10,0,60,0,0,30,-60
"831","T4","1141",-33.56603333,115.30795,0,50,0,50,0,0,0,-50
"832","T4","1150",-33.56643333,115.30785,0,0,0,100,0,0,0,-100
"833","T4","1155",-33.56661667,115.30785,0,11.11,0,88.89,0,0,0,-88.89
"834","T4","1157",-33.5667,115.3078167,0,0,0,100,0,0,0,-100
"835","T4","1160",-33.56676667,115.3076667,0,0,0,0,0,0,0,0
"836","T4","1167",-33.56671667,115.3072667,0,12.5,0,50,0,0,37.5,-50
"837","T4","1172",-33.56678333,115.3071,16.66,41.66,0,0,0,0,25,0
"838","T4","1186",-33.56735,115.3068833,0,0,0,0,0,0,100,0
"839","T4","1193",-33.56763333,115.3069,10,10,0,0,0,0,60,0
"840","T4","1196",-33.56773333,115.3068833,20,30,0,0,0,0,20,0
"841","T4","1203",-33.56801667,115.3069,0,14.28,0,35.71,28.57,0,21.43,-35.71
"842","T4","1205",-33.56811667,115.3069,0,66.67,0,0,0,0,33.33,0
"843","T4","1207",-33.56818333,115.3069333,7.69,69.22,0,15.38,0,0,7.69,-15.38
"844","T4","1211",-33.56836667,115.30695,0,0,0,16.67,0,0,83.34,-16.67
"845","T4","1211",-33.56835,115.30695,0,0,0,16.67,0,0,83.34,-16.67
"846","T4","1215",-33.56851667,115.30695,10,20,0,50,0,0,20,-50
"847","T4","1227",-33.56895,115.3068167,0,46.16,0,38.46,0,0,0,-38.46
"848","T4","1231",-33.56915,115.3068333,0,25,0,0,0,0,62.5,0
"849","T4","1233",-33.56923333,115.30685,0,0,0,0,0,0,100,0
"850","T4","1235",-33.56931667,115.3068667,12.5,0,0,0,0,0,62.5,0
"851","T4","1240",-33.56951667,115.3069,8.33,50,0,0,0,0,41.67,0
"852","T4","1245",-33.5697,115.3069,7.69,84.61,0,0,0,0,7.69,0
"853","T4","1249",-33.56986667,115.3069333,44.44,22.22,0,0,0,0,33.33,0
"854","T4","1261",-33.57035,115.3070167,0,90.91,0,0,0,0,9.09,0
"855","T4","1267",-33.5706,115.3070667,10,50,0,0,0,0,40,0
"856","T4","1272",-33.57083333,115.3070167,0,0,0,12.5,0,0,87.5,-12.5
"857","T4","1277",-33.57105,115.3070167,0,40,0,10,0,0,50,-10
"858","T4","1282",-33.57125,115.3070333,0,25,0,0,0,0,75,0
"859","T4","1284",-33.57135,115.3070167,0,50,0,0,0,0,50,0
"860","T4","1286",-33.57143333,115.307,0,55.55,0,0,0,0,33.33,0
"861","T4","1288",-33.5715,115.3069667,0,0,0,0,0,0,40,0
"862","T4","1293",-33.57166667,115.3068833,37.5,0,0,0,0,0,37.5,0
"863","T4","1298",-33.57185,115.30675,41.67,16.66,0,0,0,0,25,0
"864","T4","1301",-33.57193333,115.3066333,22.22,0,0,0,0,0,77.78,0
"865","T4","1303",-33.572,115.3065667,0,0,0,0,0,0,100,0
"866","T4","1303",-33.572,115.3065833,0,0,0,0,0,0,100,0
"867","T4","1305",-33.57208333,115.3065333,0,20,0,0,0,0,70,0
"868","T4","1326",-33.57253333,115.3057667,0,10,0,70,0,0,20,-70
"869","T4","1328",-33.57265,115.3057667,0,0,0,100,0,0,0,-100
"870","T4","1335",-33.57293333,115.3057667,0,20,0,80,0,0,0,-80
"871","T4","1340",-33.57313333,115.3058333,0,70,0,30,0,0,0,-30
"872","T4","1342",-33.57321667,115.30585,0,0,0,100,0,0,0,-100
"873","T4","1344",-33.5733,115.3058333,0,85.71,0,14.29,0,0,0,-14.29
"874","T4","1345",-33.57333333,115.30585,0,100,0,0,0,0,0,0
"875","T4","1346",-33.57338333,115.3058833,0,100,0,0,0,0,0,0
"876","T4","1348",-33.57345,115.3059167,0,22.22,0,66.67,0,0,11.11,-66.67
"877","T4","1350",-33.57353333,115.3059167,0,16.66,0,58.33,0,0,25,-58.33
"878","T4","1350",-33.57353333,115.3059167,0,16.66,0,58.33,0,0,25,-58.33
"879","T4","1352",-33.57361667,115.3059167,0,25,0,66.67,0,0,0,-66.67
"880","T4","1359",-33.5739,115.3059833,0,0,0,90,0,0,10,-90
"881","T4","1361",-33.574,115.3059833,0,0,0,100,0,0,0,-100
"882","T4","1370",-33.57436667,115.306,0,27.27,0,63.64,0,0,9.09,-63.64
"883","T4","1372",-33.57445,115.30605,0,36.36,0,63.64,0,0,0,-63.64
"884","T4","1375",-33.57456667,115.3061,0,41.66,0,58.33,0,0,0,-58.33
"885","T4","1377",-33.57463333,115.3061833,0,18.18,0,81.82,0,0,0,-81.82
"886","T4","1384",-33.57495,115.3061833,0,46.16,0,30.77,0,0,23.07,-30.77
"887","T4","1384",-33.57493333,115.3061833,0,46.16,0,30.77,0,0,23.07,-30.77
"888","T4","1386",-33.57501667,115.3062333,0,80,0,10,10,0,0,-10
"889","T4","1387",-33.57503333,115.30625,0,50,0,20,0,0,30,-20
"890","T4","1390",-33.57515,115.30635,10,80,0,10,0,0,0,-10
"891","T4","1392",-33.57523333,115.3063667,0,40,0,10,10,0,30,-10
"892","T4","1393",-33.57526667,115.3063667,7.69,30.77,0,53.85,7.69,0,0,-53.85
"893","T4","1395",-33.57535,115.3064,11.11,33.33,0,11.11,0,0,44.44,-11.11
"894","T4","1397",-33.57543333,115.3064,90.91,0,0,0,0,0,9.09,0
"895","T4","1405",-33.57576667,115.3064833,30,0,0,20,10,0,40,-20
"896","T4","1406",-33.5758,115.3064833,33.33,0,0,0,0,0,66.67,0
"897","T4","1416",-33.57621667,115.30645,66.66,0,0,22.22,0,0,11.11,-22.22
"898","T4","1421",-33.57643333,115.3064833,0,0,0,100,0,0,0,-100
"899","T4","1423",-33.57653333,115.3065,0,0,0,0,0,0,30,0
"900","T4","1425",-33.57661667,115.3064833,0,49.99,0,25,0,0,16.67,-25
"901","T4","1434",-33.57696667,115.3065,0,90,0,0,0,0,10,0
"902","T4","1436",-33.57706667,115.3065,0,60,0,40,0,0,0,-40
"903","T4","1438",-33.57716667,115.3064833,0,30,0,60,0,0,10,-60
"904","T4","1440",-33.57725,115.30645,0,0,0,100,0,0,0,-100
"905","T4","1442",-33.57731667,115.30645,50,0,0,16.67,0,0,33.33,-16.67
"906","T4","1447",-33.57755,115.3064333,0,25,0,75,0,0,0,-75
"907","T4","1449",-33.57765,115.3064333,0,0,0,100,0,0,0,-100
"908","T4","1449",-33.57763333,115.3064333,0,0,0,100,0,0,0,-100
"909","T4","1451",-33.57773333,115.3064667,0,0,0,100,0,0,0,-100
"910","T4","1456",-33.57795,115.3065333,0,0,0,42.86,14.29,0,28.58,-42.86
"911","T4","1457",-33.578,115.3065333,0,0,0,50,0,0,16.67,-50
"912","T4","1459",-33.57806667,115.3064833,0,0,0,0,0,0,50,0
"913","T4","1464",-33.57826667,115.3063667,20,0,0,10,0,0,10,-10
"914","T4","1474",-33.57866667,115.30615,14.29,0,0,28.57,0,0,28.58,-28.57
"915","T4","1476",-33.57875,115.3061,0,58.33,0,41.67,0,0,0,-41.67
"916","T4","1492",-33.57941667,115.3059167,0,0,0,0,0,0,0,0
"917","T4","1495",-33.57953333,115.3058667,0,0,0,0,0,0,0,0
"918","T4","1500",-33.57975,115.3058,0,0,0,0,0,0,0,0
"919","T4","1512",-33.58021667,115.30555,0,0,0,0,0,0,0,0
"920","T4","1517",-33.5804,115.3054167,0,0,0,0,0,0,0,0
"921","T4","1522",-33.58058333,115.30525,0,0,0,0,0,0,20,0
"922","T4","1535",-33.58111667,115.3049167,0,92.3,0,0,0,0,7.69,0
"923","T4","1537",-33.5812,115.30485,0,60,0,0,0,0,30,0
"924","T4","1539",-33.58126667,115.3048,0,0,0,0,0,0,28.57,0
"925","T4","1541",-33.58133333,115.30475,100,0,0,0,0,0,0,0
"926","T4","1549",-33.58163333,115.3045667,70,0,0,0,10,0,10,0
"927","T4","1552",-33.58173333,115.3044833,78.57,0,0,14.29,0,0,0,-14.29
"928","T4","1554",-33.58181667,115.3044333,33.34,6.67,0,6.67,13.33,0,40,-6.67
"929","T4","1561",-33.5821,115.3042667,60,0,0,0,0,0,40,0
"930","T4","1563",-33.58218333,115.3042167,40,0,0,20,0,0,10,-20
"931","T4","1572",-33.58256667,115.3039833,42.86,0,0,0,0,0,57.14,0
"932","T4","1580",-33.5829,115.3037333,0,0,0,0,0,0,100,0
"933","T4","1592",-33.58336667,115.3033833,12.5,0,0,0,0,0,37.5,0
"934","T4","1595",-33.58348333,115.3033,11.11,0,0,0,0,0,66.66,0
"935","T4","1600",-33.58371667,115.30335,0,50,0,0,0,0,50,0
"936","T4","1604",-33.58391667,115.3033,16.67,0,0,0,0,0,83.33,0
"937","T4","1606",-33.58398333,115.3032333,12.5,0,0,0,0,0,37.5,0
"938","T4","1608",-33.58408333,115.3032333,0,0,0,0,0,0,0,0
"939","T4","1611",-33.58421667,115.3032167,0,0,0,0,0,0,0,0
"940","T4","1628",-33.5849,115.3028,100,0,0,0,0,0,0,0
"941","T4","1634",-33.5851,115.3025667,30,0,0,0,0,0,10,0
"942","T4","1635",-33.58515,115.30255,7.69,0,0,0,0,0,0,0
"943","T4","1638",-33.58528333,115.3025167,0,0,0,0,0,0,0,0
"944","T4","1645",-33.58555,115.3023667,70,0,0,0,0,0,0,0
"945","T4","1646",-33.5856,115.3023667,80,0,0,0,0,0,10,0
"946","T4","1661",-33.58621667,115.302,71.43,0,0,0,0,0,14.28,0
"947","T4","1666",-33.5864,115.3018833,90.91,0,0,9.09,0,0,0,-9.09
"948","T4","1669",-33.58655,115.3018333,30,30,0,0,0,0,10,0
"949","T4","1674",-33.58673333,115.3017167,0,0,0,0,0,0,0,0
"950","T4","1679",-33.58691667,115.3015833,0,0,0,0,0,0,0,0
"951","T4","1687",-33.58723333,115.30135,0,0,0,0,0,0,16.67,0
"952","T4","1695",-33.5875,115.3011167,6.67,0,0,60,0,0,20,-60
"953","T4","1697",-33.58758333,115.3010833,22.22,0,0,44.44,0,0,33.33,-44.44
"954","T4","1699",-33.58766667,115.30105,0,0,0,100,0,0,0,-100
"955","T4","1701",-33.58775,115.3009833,36.36,0,0,36.36,0,0,9.09,-36.36
"956","T4","1704",-33.58786667,115.3009,30,0,0,0,0,0,10,0
"957","T4","1707",-33.58798333,115.3008667,64.28,0,0,7.14,0,0,21.43,-7.14
"958","T4","1712",-33.58818333,115.3007333,0,0,0,0,0,100,0,0
"959","T4","1721",-33.5886,115.3005167,100,0,0,0,0,0,0,0
"960","T4","1733",-33.58905,115.30025,13.33,0,0,33.33,0,0,33.33,-33.33
"961","T4","1735",-33.58915,115.3002,33.34,0,0,46.67,0,0,13.34,-46.67
"962","T4","1737",-33.58921667,115.3001333,7.69,0,0,76.92,0,0,15.38,-76.92
"963","T4","1749",-33.58973333,115.2997833,83.33,0,0,0,0,0,16.67,0
"964","T4","1763",-33.59026667,115.2994,60,6.67,0,0,0,0,26.67,0
"965","T4","1765",-33.59035,115.2993167,80,0,0,0,0,0,20,0
"966","T4","1770",-33.59055,115.2992,10,10,0,0,0,0,70,0
"967","T4","1772",-33.59063333,115.29915,20,40,0,0,0,0,40,0
"968","T4","1777",-33.59081667,115.299,73.33,0,0,0,0,0,26.67,0
"969","T4","1779",-33.5909,115.2989333,0,0,0,0,0,0,100,0
"970","T4","1801",-33.59173333,115.2982333,100,0,0,0,0,0,0,0
"971","T4","1807",-33.59193333,115.2980167,80,0,0,0,0,0,0,0
"972","T4","1814",-33.59216667,115.2977667,100,0,0,0,0,0,0,0
"973","T4","1823",-33.59253333,115.2975,10,80,0,0,0,0,10,0
"974","T4","1825",-33.59261667,115.29745,0,66.66,0,0,0,0,33.33,0
"975","T4","1826",-33.59266667,115.2974167,0,71.43,0,21.43,0,0,7.13999999999999,-21.43
"976","T4","1829",-33.59278333,115.2973167,0,0,0,44.44,0,0,55.56,-44.44
"977","T4","1834",-33.593,115.2972333,60,0,0,6.67,0,0,33.34,-6.67
"978","T4","1844",-33.5934,115.2969333,0,0,0,78.57,0,0,21.43,-78.57
"979","T4","1848",-33.59356667,115.2968,16.67,0,0,0,0,0,83.33,0
"1467","T5","1367",-33.58355,115.3615833,0,71.43,0,0,0,0,28.57,0
"1468","T5","1369",-33.58346667,115.3615333,0,0,0,0,0,0,100,0
"1469","T5","1371",-33.5834,115.3614833,0,0,0,0,0,0,100,0
"1470","T5","1378",-33.58316667,115.3612333,80,0,0,0,0,0,20,0
"1471","T5","1380",-33.5831,115.3611833,0,0,0,0,0,0,100,0
"1472","T5","1383",-33.58298333,115.3610667,0,0,0,0,0,0,100,0
"1473","T5","1386",-33.58286667,115.3609667,0,0,0,0,0,0,100,0
"1474","T5","1388",-33.58278333,115.3609333,0,0,0,0,0,0,100,0
"1475","T5","1396",-33.5825,115.3606833,0,0,0,0,0,0,100,0
"1476","T5","1398",-33.58241667,115.3606333,0,0,0,0,0,0,80,0
"1477","T5","1401",-33.58231667,115.3605667,40,0,0,0,0,0,60,0
"1478","T5","1413",-33.5819,115.3601833,0,0,0,0,0,0,100,0
"1479","T5","1416",-33.5818,115.3601167,0,0,0,0,0,0,100,0
"1480","T5","1420",-33.58165,115.36,0,50,0,0,0,0,50,0
"1481","T5","1422",-33.58158333,115.3599333,0,44.44,0,0,0,0,55.55,0
"1482","T5","1424",-33.58151667,115.3598667,0,0,0,0,0,0,100,0
"1483","T5","1434",-33.5812,115.3596,16.67,41.66,0,16.67,0,0,25,-16.67
"1484","T5","1436",-33.58116667,115.35955,0,0,0,0,0,0,100,0
"1485","T5","1443",-33.5809,115.3593833,0,0,0,0,0,0,100,0
"1486","T5","1449",-33.58066667,115.3592,0,0,0,0,0,0,100,0
"1487","T5","1450",-33.58061667,115.3592,0,0,0,0,0,0,100,0
"1488","T5","1457",-33.58036667,115.3589667,0,0,0,0,0,0,100,0
"1489","T5","1458",-33.58031667,115.3589333,0,0,0,0,0,0,100,0
"1490","T5","1461",-33.58023333,115.3589,20,0,0,0,0,0,80,0
"1491","T5","1479",-33.57955,115.3583667,0,0,0,0,0,0,80,0
"1492","T5","1486",-33.57928333,115.3581167,0,0,0,0,0,0,80,0
"1493","T5","1488",-33.57921667,115.3580667,33.33,0,0,0,0,0,33.33,0
"1494","T5","1493",-33.57903333,115.3579333,0,0,0,0,0,0,0,0
"1495","T5","1505",-33.5786,115.3577167,0,0,0,0,0,0,100.01,0
"1496","T5","1507",-33.57853333,115.3576667,0,0,0,0,0,0,100,0
"1497","T5","1509",-33.57845,115.3576167,0,0,0,0,0,0,100,0
"1498","T5","1514",-33.57825,115.3575,0,0,0,100,0,0,0,-100
"1499","T5","1523",-33.57791667,115.35725,0,0,0,0,0,0,100,0
"1500","T5","1526",-33.5778,115.35715,0,0,0,0,0,0,100,0
"1501","T5","1531",-33.57761667,115.3570333,0,0,0,100,0,0,0,-100
"1502","T5","1533",-33.57755,115.3569667,0,0,0,0,0,0,100,0
"1503","T5","1538",-33.57736667,115.3568167,25,0,0,0,0,0,75,0
"1504","T5","1541",-33.57726667,115.3567167,0,0,0,0,0,0,100,0
"1505","T5","1543",-33.57718333,115.35665,0,0,0,0,0,0,0,0
"1506","T5","1545",-33.57711667,115.3565833,0,0,0,0,0,0,40,0
"1507","T5","1549",-33.57698333,115.35645,0,0,0,0,0,0,100,0
"1508","T5","1551",-33.5769,115.3564,0,0,0,0,0,0,100,0
"1509","T5","1554",-33.57678333,115.3563,0,0,0,0,0,0,100,0
"1510","T5","1562",-33.5765,115.3560667,0,0,0,0,0,0,100,0
"1511","T5","1564",-33.57641667,115.3559833,0,0,0,0,0,0,75,0
"1512","T5","1576",-33.57596667,115.35555,0,0,0,0,0,0,40,0
"1513","T5","1578",-33.57588333,115.3554667,0,0,0,0,0,0,66.67,0
"1514","T5","1582",-33.57571667,115.3553167,0,0,0,0,0,0,100,0
"1515","T5","1584",-33.57563333,115.35525,0,0,0,0,0,0,100,0
"1516","T5","1586",-33.57558333,115.3551667,0,0,0,0,0,0,100,0
"1517","T5","1588",-33.5755,115.3551,0,0,0,0,0,0,100,0
"1518","T5","1590",-33.57541667,115.3550333,0,0,0,0,0,0,100,0
"1519","T5","1592",-33.57535,115.35495,0,0,0,0,0,0,100,0
"1520","T5","1594",-33.5753,115.3548667,0,0,0,0,0,0,100,0
"1521","T5","1601",-33.57503333,115.3546333,0,0,0,0,0,0,100,0
"1522","T5","1603",-33.57496667,115.35455,20,0,0,0,0,0,80,0
"1523","T5","1613",-33.5746,115.3541667,33.33,0,0,0,0,0,66.67,0
"1524","T5","1620",-33.57433333,115.3539167,0,0,0,0,0,0,0,0
"1525","T5","1622",-33.57425,115.3538667,0,0,0,0,0,0,40,0
"1526","T5","1625",-33.57411667,115.3538167,60,0,0,0,0,0,0,0
"1527","T5","1631",-33.57395,115.3535333,0,0,0,0,0,0,100,0
"1528","T5","1635",-33.5738,115.3533833,0,0,0,0,0,0,100,0
"1529","T5","1640",-33.57361667,115.3532,0,0,0,0,0,0,100,0
"1530","T5","1642",-33.57356667,115.3531167,0,0,0,0,0,0,33.33,0
"1531","T5","1645",-33.57345,115.3529833,33.33,0,0,0,0,0,44.44,0
"1532","T5","1645",-33.57345,115.3529833,33.33,0,0,0,0,0,44.44,0
"1533","T5","1650",-33.57326667,115.3528167,0,0,0,55.56,0,0,44.44,-55.56
"1534","T5","1654",-33.5731,115.3527167,0,0,0,16.67,0,0,66.67,-16.67
"1535","T5","1662",-33.57296667,115.3524167,0,86.67,0,0,0,0,6.67,0
"1536","T5","1663",-33.57295,115.3523667,50,0,0,16.67,0,0,33.34,-16.67
"1537","T5","1669",-33.57278333,115.3523333,0,0,0,0,100,0,0,0
"1538","T5","1671",-33.57271667,115.3523,40,60,0,0,0,0,0,0
"1539","T5","1673",-33.57263333,115.3522333,0,0,0,0,0,0,100,0
"1540","T5","1690",-33.57185,115.3519333,0,0,0,40,0,0,40,-40
"1541","T5","1703",-33.5713,115.3516833,0,0,0,0,0,0,100,0
"1542","T5","1708",-33.5711,115.35155,0,55.55,0,33.33,0,0,11.11,-33.33
"1543","T5","1711",-33.57098333,115.3514667,0,0,0,80,0,0,20,-80
"1544","T5","1714",-33.57085,115.3514,0,0,0,16.67,0,0,83.34,-16.67
"1545","T5","1717",-33.57075,115.3513167,0,0,0,44.44,0,0,55.56,-44.44
"1546","T5","1719",-33.57066667,115.3512667,0,0,0,100,0,0,0,-100
"1547","T5","1728",-33.57035,115.3510333,0,0,0,100,0,0,0,-100
"1548","T5","1730",-33.57028333,115.351,0,0,0,40,0,60,0,-40
"1549","T5","1735",-33.57015,115.35085,0,0,0,100,0,0,0,-100
"1550","T5","1739",-33.57003333,115.35075,0,0,0,100,0,0,0,-100
"1551","T5","1741",-33.56996667,115.3507,0,0,0,100,0,0,0,-100
"1552","T5","1746",-33.56978333,115.3505667,0,0,0,66.67,0,33.33,0,-66.67
"1553","T5","1753",-33.56956667,115.3503333,0,0,0,30,0,70,0,-30
"1554","T5","1755",-33.5695,115.3503,0,0,0,60,0,0,40,-60
"1555","T5","1759",-33.56935,115.3502,0,0,0,30,0,0,70,-30
"1556","T5","1776",-33.56878333,115.3497833,0,0,0,100,0,0,0,-100
"1557","T5","1778",-33.56871667,115.3497333,10,0,0,60,0,30,0,-60
"1558","T5","1782",-33.56858333,115.3496667,0,10,0,10,0,0,80,-10
"1559","T5","1784",-33.56851667,115.3496333,0,20,0,10,0,40,30,-10
"1560","T5","1786",-33.56843333,115.3496167,0,0,0,40,0,60,0,-40
"1561","T5","1789",-33.56833333,115.3495667,0,0,0,0,0,0,100,0
"1562","T5","1796",-33.56808333,115.3494333,0,0,0,0,0,0,0,0
"1563","T5","1797",-33.56805,115.3494167,60,0,0,0,0,0,40,0
"1564","T5","1803",-33.56783333,115.3493167,0,0,0,28.57,0,0,71.43,-28.57
"1565","T5","1808",-33.56765,115.3492,0,0,0,100,0,0,0,-100
"1566","T5","1811",-33.56756667,115.3491333,0,0,0,0,0,0,100,0
"1567","T5","1813",-33.56748333,115.3491167,40,0,0,0,0,0,60,0
"1568","T5","1825",-33.56708333,115.3488333,0,0,0,100,0,0,0,-100
"1569","T5","1830",-33.5669,115.3487333,0,0,0,20,0,0,80,-20
"1570","T5","1835",-33.56671667,115.34865,71.43,0,0,28.57,0,0,0,-28.57
"1571","T5","1837",-33.56665,115.3486167,90,10,0,0,0,0,0,0
"1572","T5","1844",-33.56641667,115.34845,0,0,0,33.33,0,0,66.67,-33.33
"1573","T5","1848",-33.56626667,115.3483667,10,0,0,50,0,0,40,-50
"1574","T5","1852",-33.56615,115.34825,0,0,0,100,0,0,0,-100
"1575","T5","1859",-33.56588333,115.3481,0,10,0,0,10,0,80,0
"1576","T5","1862",-33.56576667,115.3480667,0,0,0,100,0,0,0,-100
"1577","T5","1867",-33.56558333,115.3479833,0,0,0,16.67,0,0,83.33,-16.67
"1578","T5","1871",-33.56543333,115.3479,0,0,0,42.86,0,0,57.15,-42.86
"1579","T5","1875",-33.56528333,115.3478,0,0,0,40,0,0,60,-40
"1580","T5","1881",-33.56508333,115.3476167,0,0,0,20,0,0,80,-20
"1581","T5","1888",-33.56485,115.3474,0,0,0,70,0,0,30,-70
"1582","T5","1891",-33.56476667,115.3473,0,44.44,0,11.11,0,0,44.44,-11.11
"1583","T5","1893",-33.5647,115.3472333,0,0,0,33.33,0,0,66.66,-33.33
"1584","T5","1894",-33.56468333,115.3472,0,10,0,40,0,0,50,-40
"1585","T5","1894",-33.56468333,115.3472,0,10,0,40,0,0,50,-40
"1586","T5","1896",-33.56463333,115.3471333,0,22.22,0,55.56,0,0,22.22,-55.56
"1587","T5","1898",-33.56455,115.3470833,0,0,0,77.78,0,0,22.22,-77.78
"1588","T5","1903",-33.56436667,115.34695,0,77.77,0,22.22,0,0,0,-22.22
"1589","T5","1905",-33.5643,115.3469,0,0,0,80,10,0,10,-80
"1590","T5","1907",-33.56423333,115.34685,0,30,0,70,0,0,0,-70
"1591","T5","1913",-33.56403333,115.3466667,0,0,0,80,20,0,0,-80
"1592","T5","1918",-33.56386667,115.3465167,7.69,69.23,0,7.69,0,0,15.38,-7.69
"1593","T5","1918",-33.56386667,115.3465333,7.69,69.23,0,7.69,0,0,15.38,-7.69
"1594","T5","1922",-33.56371667,115.3464667,0,92.85,0,7.14,0,0,0,-7.14
"1595","T5","1924",-33.56365,115.3464833,60,40,0,0,0,0,0,0
"1596","T5","1927",-33.56356667,115.3464167,70,10,0,10,0,0,10,-10
"1597","T5","1929",-33.56348333,115.3463833,60,40,0,0,0,0,0,0
"1598","T5","1930",-33.56345,115.3463833,10,20,0,20,0,0,50,-20
"1599","T5","1931",-33.56341667,115.3463833,0,50,0,30,0,0,20,-30
"1600","T5","1933",-33.56336667,115.3463,0,0,0,25,0,62.5,12.5,-25
"1601","T5","1935",-33.56331667,115.3462333,0,10,0,60,0,0,30,-60
"1602","T5","1938",-33.5632,115.3461833,25,0,0,50,0,0,0,-50
"1603","T5","1940",-33.56313333,115.3461667,0,0,0,100,0,0,0,-100
"1604","T5","1942",-33.56306667,115.3461167,0,0,0,100,0,0,0,-100
"1605","T5","1945",-33.56296667,115.3460333,0,0,0,100,0,0,0,-100
"1606","T5","1952",-33.56273333,115.34585,0,0,0,20,0,0,80,-20
"1607","T5","1954",-33.56266667,115.3458167,0,0,0,0,0,0,100,0
"1608","T5","1957",-33.56256667,115.34575,0,0,0,0,0,0,100,0
"1609","T5","1959",-33.5625,115.3457167,0,0,0,0,0,0,80,0
"1610","T5","1961",-33.56243333,115.3456667,0,0,0,0,0,0,60,0
"1611","T5","1963",-33.56235,115.3456167,42.87,0,0,28.57,0,0,28.57,-28.57
"1612","T5","1965",-33.5623,115.3455667,20,0,0,0,0,0,80,0
"1613","T5","1970",-33.56213333,115.3454333,0,0,0,100,0,0,0,-100
"1614","T5","1972",-33.56206667,115.3454,0,0,0,80,0,0,20,-80
"1615","T5","1979",-33.56183333,115.3452833,0,0,0,100,0,0,0,-100
"1616","T5","1982",-33.56173333,115.3452333,0,0,0,80,0,0,20,-80
"1617","T5","1985",-33.56161667,115.3452,0,0,0,44.44,0,0,55.55,-44.44
"1618","T5","1988",-33.56151667,115.34515,0,0,0,60,0,0,40,-60
"1619","T5","1990",-33.56143333,115.3451667,0,14.29,0,85.71,0,0,0,-85.71
"1620","T5","1997",-33.5612,115.34505,66.67,0,0,33.33,0,0,0,-33.33
"1621","T5","2004",-33.56095,115.3449,0,0,0,80,0,0,0,-80
"1622","T5","2008",-33.56081667,115.3448,55.56,0,0,22.22,0,0,22.22,-22.22
"1623","T5","2021",-33.56036667,115.3445667,0,37.5,0,25,0,0,37.5,-25
"1624","T5","2023",-33.5603,115.3445,0,0,0,0,0,100,0,0
"1625","T5","2028",-33.56016667,115.34435,0,0,0,0,0,0,100,0
"1626","T5","2033",-33.55998333,115.3442,62.5,0,0,0,0,0,37.5,0
"1627","T5","2038",-33.55981667,115.3440833,20,0,0,0,0,0,50,0
"1628","T5","2040",-33.55975,115.3440333,100,0,0,0,0,0,0,0
"1629","T5","2050",-33.5594,115.3438167,53.85,0,0,0,0,0,30.76,0
"1630","T5","2052",-33.55935,115.3438,33.33,22.22,0,0,0,0,44.44,0
"1631","T5","2057",-33.5592,115.3436833,0,0,0,0,0,0,100,0
"1632","T5","2059",-33.55911667,115.34365,40,0,0,0,0,0,60,0
"1633","T5","2061",-33.55905,115.3436333,33.33,0,0,0,0,0,55.55,0
"1634","T5","2066",-33.55888333,115.3434833,0,0,0,0,0,0,100,0
"1635","T5","2068",-33.55883333,115.3434333,60,0,0,0,0,0,40,0
"1636","T5","2070",-33.55876667,115.3433833,25,0,0,0,0,0,75,0
"1637","T5","2073",-33.55865,115.3433167,0,10,0,70,0,0,20,-70
"1638","T5","2077",-33.55856667,115.3432167,0,0,0,0,0,0,100,0
"1639","T5","2081",-33.55841667,115.3431333,42.86,0,0,28.57,0,0,28.57,-28.57
"1640","T5","2085",-33.55828333,115.343,0,0,0,0,0,0,100,0
"1641","T5","2099",-33.55783333,115.3426,0,0,0,0,0,0,100,0
"1642","T5","2102",-33.55771667,115.3425167,0,0,0,0,0,0,100,0
"1643","T5","2104",-33.55766667,115.3424667,0,0,0,0,0,0,100,0
"1644","T5","2107",-33.55756667,115.3424,10,40,0,0,0,0,50,0
"1645","T5","2110",-33.55745,115.3423833,0,71.43,0,0,0,0,28.57,0
"1646","T5","2115",-33.55726667,115.3423167,0,40,0,0,0,0,60,0
"1647","T5","2122",-33.55705,115.3420833,0,0,0,0,0,0,100,0
"1648","T5","2129",-33.55681667,115.3420167,0,90,0,0,0,0,10,0
"1649","T5","2131",-33.55675,115.3419833,0,0,0,0,0,0,100,0
"1650","T5","2136",-33.55656667,115.3419,0,0,0,0,0,0,100,0
"1651","T5","2141",-33.5564,115.3417833,0,0,0,0,0,0,100,0
"1652","T5","2143",-33.55631667,115.3417667,0,0,0,0,0,0,100,0
"1653","T5","2145",-33.55625,115.3417833,0,0,0,0,0,0,100,0
"1654","T5","2152",-33.556,115.3416333,0,0,0,0,0,0,100,0
"1655","T5","2155",-33.55588333,115.3415833,0,0,0,0,0,0,100,0
"1656","T5","2164",-33.55558333,115.34135,20,0,0,0,0,0,20,0
"1657","T5","2166",-33.5555,115.3413167,0,0,0,0,0,0,20,0
"1658","T5","2168",-33.55543333,115.3413,0,0,0,0,0,0,100,0
"1659","T5","2171",-33.55531667,115.3412667,0,0,0,0,0,0,100,0
"1660","T5","2173",-33.55523333,115.3412167,0,0,0,0,0,0,100,0
"1661","T5","2180",-33.55498333,115.3411167,100,0,0,0,0,0,0,0
"1662","T5","2187",-33.55476667,115.341,11.11,44.44,0,0,0,0,44.44,0
"1663","T5","2191",-33.55461667,115.3409,10,30,0,0,0,0,60,0
"1664","T5","2196",-33.55445,115.3407667,0,0,0,0,0,0,100,0
"1665","T5","2201",-33.55428333,115.3406333,28.58,0,0,0,0,0,71.43,0
"1666","T5","2201",-33.55428333,115.3406333,28.58,0,0,0,0,0,71.43,0
"1667","T5","2204",-33.55416667,115.34055,0,20,0,0,0,0,80,0
"1668","T5","2209",-33.55401667,115.3404333,71.43,0,0,0,0,0,28.57,0
"1669","T5","2211",-33.55395,115.3403667,44.44,0,0,0,0,0,55.55,0
"1670","T5","2216",-33.55376667,115.3402833,40,0,0,0,0,0,60,0
"1671","T5","2224",-33.55358333,115.3399833,60,0,0,0,0,0,40,0
"1672","T5","2226",-33.5535,115.33995,0,0,0,0,0,0,60,0
"1673","T5","2233",-33.55323333,115.3398667,0,0,0,0,0,0,100,0
"1674","T5","2243",-33.55288333,115.3396667,50,0,0,0,0,0,50,0
"1675","T5","2244",-33.55285,115.3396333,10,10,0,0,0,0,80,0
"1676","T5","2246",-33.55278333,115.3395833,0,20,0,0,0,0,80,0
"1677","T5","2253",-33.55255,115.3394,20,40,0,0,0,0,40,0
"1678","T5","2258",-33.55236667,115.3393,0,0,0,0,0,0,100,0
"1679","T5","2265",-33.55211667,115.3391167,22.22,33.33,0,0,0,0,33.33,0
"1680","T5","2267",-33.55206667,115.3390667,40,10,0,0,0,0,50,0
"1681","T5","2269",-33.55198333,115.3390167,0,100,0,0,0,0,0,0
"1682","T5","2271",-33.55193333,115.3389833,0,20,0,0,0,0,20,0
"1683","T5","2273",-33.55186667,115.3389333,12.5,0,0,0,0,0,87.5,0
"1684","T5","2277",-33.55173333,115.3388167,80,20,0,0,0,0,0,0
"1685","T5","2282",-33.55153333,115.3387833,44.44,0,0,0,0,0,44.44,0
"1686","T5","2294",-33.55113333,115.33855,50,12.5,0,0,0,0,37.5,0
"1687","T5","2297",-33.55101667,115.3384667,10,20,0,0,0,0,70,0
"1688","T5","2299",-33.55095,115.3384333,62.5,0,0,0,0,0,37.5,0
"1689","T5","2305",-33.55075,115.33825,80,0,0,0,0,0,20,0
"1690","T5","2308",-33.55065,115.3381833,55.55,0,0,0,0,0,44.44,0
"1691","T5","2311",-33.55053333,115.3381333,0,0,0,0,0,0,100,0
"1692","T5","2312",-33.5505,115.3381167,33.33,16.67,0,0,0,0,50,0
"1693","T5","2317",-33.55031667,115.338,0,0,0,0,0,0,100,0
"1694","T5","2327",-33.54998333,115.33775,0,0,0,0,0,0,100,0
"1695","T5","2329",-33.54995,115.3376333,0,0,0,0,0,0,100,0
"1696","T5","2329",-33.54995,115.33765,0,0,0,0,0,0,100,0
"1697","T5","2331",-33.54991667,115.3375667,100,0,0,0,0,0,0,0
"1698","T5","2337",-33.5497,115.3374333,62.5,0,0,0,0,0,37.5,0
"1699","T5","2348",-33.5493,115.33715,100,0,0,0,0,0,0,0
"1700","T5","2351",-33.54921667,115.3370333,62.5,0,0,0,0,0,37.5,0
"1701","T5","2355",-33.54906667,115.33695,0,70,0,0,0,0,30,0
"1702","T5","2357",-33.549,115.3368833,0,0,0,0,0,0,100,0
"1703","T5","2361",-33.54885,115.3368333,0,60,0,0,0,0,40,0
"1704","T5","2364",-33.54873333,115.3367667,0,0,0,0,0,0,100,0
"1705","T5","2366",-33.54866667,115.3367167,0,40,0,0,0,0,60,0
"1706","T5","2368",-33.5486,115.3366667,0,0,0,0,0,0,100,0
"1707","T5","2371",-33.5485,115.3365833,10,10,0,20,0,0,60,-20
"1708","T5","2383",-33.54806667,115.3363167,0,0,0,0,0,0,100,0
"1709","T5","2386",-33.54796667,115.3362333,40,10,0,0,0,0,50,0
"1710","T5","2395",-33.54766667,115.336,40,0,0,0,0,0,40,0
"1711","T5","2398",-33.54756667,115.3359167,80,0,0,0,0,0,0,0
"1712","T5","2403",-33.54741667,115.3357667,0,0,0,0,0,0,71.43,0
"1713","T5","2415",-33.547,115.3354333,0,100,0,0,0,0,0,0
"1714","T5","2417",-33.54693333,115.3353667,70,10,0,0,0,0,20,0
"1715","T5","2421",-33.54681667,115.3352667,33.33,11.11,0,0,0,0,55.56,0
"1716","T5","2423",-33.54675,115.3352,90,0,0,0,0,0,10,0
"1717","T5","2430",-33.54653333,115.33505,0,25,0,0,0,0,37.5,0
"1718","T5","2432",-33.54646667,115.335,25,25,0,0,0,0,37.5,0
"1719","T5","2435",-33.54636667,115.3349167,0,100,0,0,0,0,0,0
"1720","T5","2439",-33.54621667,115.33485,12.5,37.5,0,0,0,0,50,0
"1721","T5","2442",-33.54611667,115.3347833,80,20,0,0,0,0,0,0
"1722","T5","2447",-33.54593333,115.3346667,0,0,0,12.5,0,0,87.5,-12.5
"1723","T5","2450",-33.54583333,115.3346,0,100,0,0,0,0,0,0
"1724","T5","2453",-33.54573333,115.3345333,40,30,0,0,0,0,30,0
"1725","T5","2464",-33.54536667,115.3343,0,83.33,0,16.67,0,0,0,-16.67
"1726","T5","2472",-33.54508333,115.33415,0,83.34,0,8.33,0,0,8.33,-8.33
"1727","T5","2475",-33.54498333,115.3341167,0,77.78,0,0,0,0,22.22,0
"1728","T5","2483",-33.54471667,115.3339167,55.55,11.11,0,0,0,0,33.33,0
"1729","T5","2485",-33.54465,115.3338667,50,0,0,0,0,0,50,0
"1730","T5","2493",-33.54438333,115.3337,0,100,0,0,0,0,0,0
"1731","T5","2496",-33.54428333,115.33365,0,40,0,0,0,0,60,0
"1732","T5","2497",-33.54423333,115.3336333,0,80,0,0,0,0,20,0
"1733","T5","2503",-33.54401667,115.3335167,30,45,0,0,0,0,25,0
"1734","T5","2503",-33.54403333,115.3335167,30,45,0,0,0,0,25,0
"1735","T5","2505",-33.54395,115.3335,22.22,44.44,0,22.22,0,0,11.11,-22.22
"1736","T5","2509",-33.54381667,115.3333833,22.22,66.67,0,11.11,0,0,0,-11.11
"1737","T5","2516",-33.54361667,115.3331833,12.5,62.5,0,0,0,0,25,0
"1738","T5","2522",-33.54338333,115.3330833,0,30,0,0,0,0,60,0
"1739","T5","2529",-33.54315,115.3328833,33.33,11.11,0,0,0,0,33.33,0
"1740","T5","2532",-33.54303333,115.3328167,80,0,0,0,0,0,20,0
"1741","T5","2534",-33.54296667,115.3327667,0,50,0,0,0,0,50,0
"1742","T5","2536",-33.5429,115.3327,60,20,0,0,0,0,20,0
"1743","T5","2538",-33.54283333,115.33265,10,90,0,0,0,0,0,0
"1744","T5","2543",-33.54266667,115.3325167,22.22,33.33,0,0,0,0,44.44,0
"1745","T5","2545",-33.54258333,115.3325,44.44,0,0,0,0,0,55.56,0
"1746","T5","2547",-33.5425,115.3324667,10,40,0,10,0,0,30,-10
"1747","T5","2549",-33.54245,115.3324333,0,90,0,0,0,10,0,0
"1748","T5","2551",-33.54236667,115.3324,0,83.34,0,0,0,0,16.67,0
"1749","T5","2556",-33.54216667,115.3323,0,100,0,0,0,0,0,0
"1750","T5","2565",-33.54183333,115.3322,11.11,11.11,0,0,0,0,44.44,0
"1751","T5","2572",-33.54158333,115.3320667,0,10,0,0,0,0,90,0
"1752","T5","2574",-33.5415,115.3320667,0,100,0,0,0,0,0,0
"1753","T5","2574",-33.5415,115.3320667,0,100,0,0,0,0,0,0
"1754","T5","2580",-33.54128333,115.3319667,0,80,0,0,0,0,20,0
"1755","T5","2588",-33.54101667,115.33175,10,70,0,0,0,10,10,0
"1756","T5","2591",-33.54091667,115.3316667,0,0,0,0,0,0,66.67,0
"1757","T5","2592",-33.54086667,115.3316333,40,0,0,0,0,0,30,0
"1758","T5","2594",-33.5408,115.3316,100,0,0,0,0,0,0,0
"1759","T5","2601",-33.54056667,115.3314333,10,0,0,0,20,0,60,0
"1760","T5","2604",-33.54045,115.3313667,0,40,0,0,0,0,50,0
"1761","T5","2614",-33.54008333,115.3311333,0,14.29,0,0,0,0,28.57,0
"1762","T5","2618",-33.53993333,115.3310833,10,10,0,0,0,0,40,0
"1763","T5","2621",-33.53983333,115.3310167,20,30,0,0,0,0,10,0
"1764","T5","2623",-33.53976667,115.33095,0,80,0,10,10,0,0,-10
"1765","T5","2627",-33.53963333,115.3308667,0,40,0,0,0,0,50,0
"1766","T5","2628",-33.5396,115.3308333,0,50,0,0,0,0,40,0
"1767","T5","2632",-33.53946667,115.3307167,20,10,0,0,0,0,40,0
"1768","T5","2634",-33.53938333,115.3306833,0,37.5,0,0,0,0,37.5,0
"1769","T5","2636",-33.5393,115.3306667,12.5,0,0,0,0,0,12.5,0
"1770","T5","2638",-33.53923333,115.3306167,0,0,0,0,0,0,30,0
"1771","T5","2652",-33.53871667,115.3303333,20,40,0,0,0,0,40,0
"1772","T5","2663",-33.53835,115.3300833,0,50,0,0,0,0,50,0
"1773","T5","2665",-33.53826667,115.33005,0,80,0,0,0,0,10,0
"1774","T5","2667",-33.5382,115.3300167,0,100,0,0,0,0,0,0
"1775","T5","2669",-33.53813333,115.32995,0,50,0,50,0,0,0,-50
"1776","T5","2671",-33.53806667,115.3299,0,30,0,30,0,0,40,-30
"1777","T5","2674",-33.53795,115.3298333,0,57.14,0,0,0,0,42.86,0
"1778","T5","2676",-33.53788333,115.3298,0,40,0,50,0,0,10,-50
"1779","T5","2680",-33.53773333,115.3297667,0,81.82,0,9.09,0,0,0,-9.09
"1780","T5","2681",-33.53768333,115.3297333,0,0,0,50,0,0,50,-50
"1781","T5","2683",-33.53761667,115.3297,0,100,0,0,0,0,0,0
"1782","T5","2702",-33.53691667,115.32935,10,60,0,20,0,0,0,-20
"1783","T5","2712",-33.53655,115.3291167,0,20,0,0,0,0,80,0
"1784","T5","2714",-33.53648333,115.3291167,0,66.67,0,0,0,0,33.33,0
"1785","T5","2718",-33.53633333,115.3290333,0,70,0,0,0,0,10,0
"1786","T5","2720",-33.53628333,115.3289667,0,100,0,0,0,0,0,0
"1787","T5","2724",-33.53615,115.3288833,0,100,0,0,0,0,0,0
"1788","T5","2725",-33.5361,115.32885,0,87.5,0,0,0,0,12.5,0
"1789","T5","2727",-33.53603333,115.3288167,10,40,0,0,0,0,50,0
"1790","T5","2736",-33.5357,115.3286167,0,0,0,11.11,0,0,55.56,-11.11
"1791","T5","2739",-33.5356,115.3285667,0,11.11,0,0,0,0,77.78,0
"1792","T5","2741",-33.53551667,115.3285333,20,0,0,0,0,0,70,0
"1793","T5","2743",-33.53545,115.3285,55.55,0,0,0,0,0,44.44,0
"1794","T5","2750",-33.5352,115.3283333,0,0,0,0,0,0,44.44,0
"1795","T5","2755",-33.53501667,115.3282167,0,0,0,0,0,0,40,0
"1796","T5","2756",-33.53498333,115.3282167,0,0,0,0,0,0,71.43,0
"1797","T5","2757",-33.53495,115.3282167,0,50,0,0,0,0,50,0
"1798","T5","2757",-33.53495,115.3282167,0,50,0,0,0,0,50,0
"1799","T5","2762",-33.53476667,115.32815,0,20,0,0,0,0,40,0
"1800","T5","2768",-33.53458333,115.328,0,62.5,0,0,0,0,37.5,0
"1801","T5","2769",-33.53453333,115.3279667,0,60,0,0,0,0,40,0
"1802","T5","2770",-33.5345,115.3279333,0,28.57,0,0,0,0,14.29,0
"1803","T5","2775",-33.53435,115.3278,28.57,0,0,0,0,0,71.43,0
"1804","T5","2780",-33.53416667,115.3277,0,55.56,0,0,0,0,22.22,0
"1805","T5","2784",-33.53403333,115.3275833,0,0,0,0,0,0,37.5,0
"1806","T5","2790",-33.53385,115.3274,0,0,0,0,0,0,55.56,0
"1807","T5","2793",-33.53375,115.3273167,0,0,0,0,0,0,25,0
"1808","T5","2797",-33.53361667,115.3272,0,0,0,0,0,0,50,0
"1809","T5","2799",-33.53355,115.32715,0,0,0,0,0,0,80,0
"1810","T5","2804",-33.53336667,115.3270667,0,0,0,0,0,0,87.5,0
"1811","T5","2814",-33.53298333,115.3269667,0,0,0,0,0,0,80,0
"1812","T5","2816",-33.53291667,115.3269333,0,100,0,0,0,0,0,0
"1813","T5","2826",-33.53256667,115.3267167,0,0,0,0,0,0,100,0
"1814","T5","2828",-33.5325,115.3266667,0,62.5,0,0,0,0,37.5,0
"1815","T5","2837",-33.53216667,115.32645,0,0,0,0,0,0,25,0
"1816","T5","2846",-33.53186667,115.3262333,14.29,0,0,0,0,0,57.14,0
"1817","T5","2851",-33.5317,115.3261167,0,100,0,0,0,0,0,0
"1818","T5","2858",-33.53153333,115.3259333,0,41.66,0,0,0,0,41.66,0
"1819","T5","2861",-33.53141667,115.3258833,0,0,0,10,0,0,60,-10
"1820","T5","2870",-33.5311,115.3257,0,42.86,0,0,0,0,28.57,0
"1821","T5","2875",-33.53093333,115.3255667,0,0,0,0,0,0,85.71,0
"1822","T5","2877",-33.53085,115.3255167,0,0,0,0,0,0,75,0
"1823","T5","2886",-33.53058333,115.32525,0,0,0,0,0,0,100,0
"1824","T5","2895",-33.53028333,115.3251,0,100,0,0,0,0,0,0
"1825","T5","2900",-33.53013333,115.3250167,0,90,0,0,0,0,10,0
"1826","T5","2906",-33.5299,115.3248333,0,0,0,0,0,0,100,0
"1827","T5","2912",-33.5297,115.3246667,0,0,0,0,0,0,0,0
"1828","T5","2922",-33.52938333,115.32445,0,50,0,0,0,0,30,0
"1829","T5","2927",-33.5292,115.3244,100,0,0,0,0,0,0,0
"2058","T6","1310",-33.53348333,115.42145,0,100,0,0,0,0,0,0
"2059","T6","1315",-33.53326667,115.4213667,0,100,0,0,0,0,0,0
"2060","T6","1317",-33.5332,115.4213167,0,100,0,0,0,0,0,0
"2061","T6","1318",-33.53315,115.4212667,0,0,0,0,0,0,100,0
"2062","T6","1322",-33.533,115.4212167,0,50,0,50,0,0,0,-50
"2063","T6","1326",-33.53283333,115.4211333,50,0,0,0,0,0,50,0
"2064","T6","1331",-33.53265,115.4210167,0,0,0,0,0,0,0,0
"2065","T6","1340",-33.53226667,115.4208833,70,0,0,0,0,0,0,0
"2066","T6","1347",-33.53196667,115.4207667,0,0,0,0,0,0,15.38,0
"2067","T6","1347",-33.53198333,115.4207667,0,0,0,0,0,0,15.38,0
"2068","T6","1349",-33.5319,115.4207167,0,40,0,0,0,0,0,0
"2069","T6","1352",-33.53176667,115.42065,0,0,0,0,0,0,0,0
"2070","T6","1362",-33.53135,115.4205667,0,0,0,0,0,0,0,0
"2071","T6","1365",-33.53123333,115.4205,0,0,0,0,0,0,0,0
"2072","T6","1373",-33.5309,115.4203833,23.07,0,0,0,0,0,23.08,0
"2073","T6","1374",-33.53086667,115.4203667,30,0,0,0,0,0,0,0
"2074","T6","1376",-33.53078333,115.4203833,38.46,0,0,0,0,0,0,0
"2075","T6","1382",-33.53066667,115.4202167,10,10,0,0,0,0,70,0
"2076","T6","1384",-33.53061667,115.4202333,0,50,0,10,0,0,40,-10
"2077","T6","1387",-33.53056667,115.4200833,0,0,0,0,0,0,100,0
"2078","T6","1396",-33.53028333,115.41975,0,33.33,0,0,0,0,66.66,0
"2079","T6","1400",-33.53013333,115.41965,0,55.55,0,0,0,0,44.44,0
"2080","T6","1405",-33.52993333,115.4195333,0,33.33,0,0,0,0,66.66,0
"2081","T6","1407",-33.52985,115.4195,30,20,0,10,0,0,40,-10
"2082","T6","1408",-33.5298,115.4195,0,0,0,0,0,0,100,0
"2083","T6","1410",-33.52971667,115.4195,0,70,0,0,0,0,30,0
"2084","T6","1412",-33.52963333,115.4194667,50,10,0,0,0,20,20,0
"2085","T6","1415",-33.52951667,115.41945,0,100,0,0,0,0,0,0
"2086","T6","1417",-33.52943333,115.41945,0,88.89,0,0,0,0,11.11,0
"2087","T6","1421",-33.52925,115.41935,0,60,0,0,0,0,40,0
"2088","T6","1424",-33.52913333,115.4193,0,50,0,0,0,0,50,0
"2089","T6","1429",-33.52893333,115.4192167,0,88.88,0,0,0,0,11.11,0
"2090","T6","1436",-33.5287,115.4192833,0,50,0,0,0,0,50,0
"2091","T6","1442",-33.52841667,115.4192833,0,0,0,0,0,0,100,0
"2092","T6","1454",-33.52801667,115.4189833,0,70,0,10,0,20,0,-10
"2093","T6","1457",-33.52793333,115.41895,0,57.14,0,7.14,0,0,35.72,-7.14
"2094","T6","1461",-33.52785,115.4188667,0,83.33,0,0,0,0,16.67,0
"2095","T6","1469",-33.5276,115.4186167,0,0,0,0,0,0,100,0
"2096","T6","1471",-33.52753333,115.4184833,0,0,0,0,0,0,100,0
"2097","T6","1476",-33.52733333,115.4183,10,0,0,0,0,0,90,0
"2098","T6","1481",-33.52706667,115.4182,60,0,0,0,0,0,40,0
"2099","T6","1488",-33.52675,115.41805,35.71,0,0,0,0,0,14.29,0
"2100","T6","1493",-33.52646667,115.418,0,0,0,0,0,0,40,0
"2101","T6","1503",-33.526,115.4178667,60,0,0,0,0,0,40,0
"2102","T6","1505",-33.52593333,115.4178,70,0,0,0,0,0,20,0
"2103","T6","1509",-33.52571667,115.4178167,10,0,0,0,0,0,10,0
"2104","T6","1512",-33.52558333,115.4179,16.67,8.33,0,0,0,0,25,0
"2105","T6","1513",-33.52553333,115.4179167,60,0,0,10,0,0,30,-10
"2106","T6","1515",-33.52543333,115.4179,50,0,0,0,0,0,20,0
"2107","T6","1518",-33.52526667,115.4179333,57.15,0,0,0,0,0,14.29,0
"2108","T6","1523",-33.52505,115.4178,44.44,0,0,0,0,0,44.44,0
"2109","T6","1528",-33.52478333,115.4178333,83.33,0,0,0,0,0,16.67,0
"2110","T6","1531",-33.52468333,115.4177333,27.27,36.36,0,18.18,0,0,18.18,-18.18
"2111","T6","1532",-33.52465,115.4177,80,10,0,0,0,0,10,0
"2112","T6","1540",-33.52425,115.4176167,0,20,0,30,0,0,50,-30
"2113","T6","1542",-33.52416667,115.4175333,22.22,0,0,22.22,0,0,55.56,-22.22
"2114","T6","1547",-33.5239,115.4174667,0,0,0,87.5,0,0,12.5,-87.5
"2115","T6","1562",-33.52323333,115.417,0,0,0,0,0,0,100,0
"2116","T6","1565",-33.52311667,115.4168833,0,60,0,0,0,0,40,0
"2117","T6","1575",-33.5226,115.4168,80,0,0,0,0,0,20,0
"2118","T6","1579",-33.52238333,115.4168,0,0,0,55.56,0,0,44.44,-55.56
"2119","T6","1585",-33.52208333,115.4167333,0,100,0,0,0,0,0,0
"2120","T6","1587",-33.522,115.4167333,0,75,0,0,0,0,25,0
"2121","T6","1610",-33.5218,115.4162667,22.22,0,0,0,0,11.11,66.67,0
"2122","T6","1612",-33.5217,115.4162167,0,0,0,0,0,16.67,50,0
"2123","T6","1616",-33.52155,115.4161,50,30,0,0,0,0,20,0
"2124","T6","1617",-33.52151667,115.4161,0,0,0,0,0,0,100,0
"2125","T6","1630",-33.52103333,115.4160167,22.22,0,0,22.22,11.11,0,44.44,-22.22
"2126","T6","1632",-33.52098333,115.4159667,40,0,0,60,0,0,0,-60
"2127","T6","1641",-33.52065,115.4157167,0,0,0,100,0,0,0,-100
"2128","T6","1644",-33.52051667,115.4156833,0,0,0,0,0,0,66.67,0
"2129","T6","1649",-33.5203,115.4155833,0,22.22,0,33.33,0,0,44.44,-33.33
"2130","T6","1651",-33.5202,115.4155667,33.33,0,0,22.22,0,0,44.44,-22.22
"2131","T6","1658",-33.51991667,115.4154667,0,0,0,50,0,0,0,-50
"2132","T6","1669",-33.51958333,115.4153,0,0,0,100,0,0,0,-100
"2133","T6","1682",-33.51965,115.4149167,0,0,0,100,0,0,0,-100
"2134","T6","1685",-33.5196,115.41475,0,0,0,100,0,0,0,-100
"2135","T6","1692",-33.51948333,115.41435,0,0,0,100,0,0,0,-100
"2136","T6","1696",-33.51938333,115.4141333,58.82,0,0,41.18,0,0,0,-41.18
"2137","T6","1698",-33.51933333,115.4140333,14.29,7.14,0,57.14,0,0,21.43,-57.14
"2138","T6","1700",-33.51925,115.4139333,0,0,0,90.91,0,0,9.09,-90.91
"2139","T6","1712",-33.51875,115.4137667,0,0,0,85.71,0,0,14.28,-85.71
"2140","T6","1717",-33.51855,115.4136167,0,0,0,100,0,0,0,-100
"2141","T6","1717",-33.51856667,115.4136167,0,0,0,100,0,0,0,-100
"2142","T6","1730",-33.51795,115.4133,0,0,0,100,0,0,0,-100
"2143","T6","1732",-33.51783333,115.4132833,0,0,0,100,0,0,0,-100
"2144","T6","1736",-33.51765,115.4132,0,0,0,77.78,0,0,22.22,-77.78
"2145","T6","1738",-33.51755,115.41315,0,0,0,100,0,0,0,-100
"2146","T6","1743",-33.51731667,115.4130167,0,0,0,100,0,0,0,-100
"2147","T6","1745",-33.51721667,115.4129833,0,0,0,83.33,0,0,0,-83.33
"2148","T6","1747",-33.5171,115.4129333,0,0,0,83.33,0,0,16.67,-83.33
"2149","T6","1748",-33.51705,115.4129333,0,15.38,0,53.85,0,0,30.76,-53.85
"2150","T6","1751",-33.5169,115.4128833,0,28.57,0,28.57,0,0,42.86,-28.57
"2151","T6","1754",-33.51675,115.4128333,18.18,0,0,36.36,0,0,45.45,-36.36
"2152","T6","1758",-33.5166,115.4127,0,0,0,50,0,0,50,-50
"2153","T6","1763",-33.51636667,115.41255,0,0,0,36.36,0,0,63.63,-36.36
"2154","T6","1771",-33.51603333,115.4122833,0,0,0,20,0,0,80,-20
"2155","T6","1773",-33.51593333,115.4122,28.57,0,0,0,0,0,71.43,0
"2156","T6","1775",-33.51585,115.4121333,0,0,0,0,0,0,100,0
"2157","T6","1782",-33.51556667,115.4118833,0,0,0,0,0,0,88.88,0
"2158","T6","1789",-33.51523333,115.4116333,0,25,0,0,0,0,75,0
"2159","T6","1790",-33.51518333,115.4116167,0,41.66,0,0,0,0,58.33,0
"2160","T6","1792",-33.51511667,115.41155,0,0,0,16.67,0,0,66.67,-16.67
"2161","T6","1796",-33.51493333,115.4114167,50,0,0,0,0,0,50,0
"2162","T6","1798",-33.51483333,115.4113667,0,0,0,0,0,0,100,0
"2163","T6","1801",-33.51468333,115.4113,20,0,0,0,0,0,80,0
"2164","T6","1804",-33.51453333,115.4112,0,0,0,0,0,0,100,0
"2165","T6","1806",-33.51443333,115.4111833,0,0,0,20,0,0,80,-20
"2166","T6","1808",-33.51435,115.4111167,0,0,0,71.43,0,0,28.57,-71.43
"2167","T6","1810",-33.51425,115.4110667,16.67,0,0,83.33,0,0,0,-83.33
"2168","T6","1814",-33.51405,115.41095,0,42.86,0,0,0,0,42.87,0
"2169","T6","1817",-33.51388333,115.4109,0,72.72,0,27.27,0,0,0,-27.27
"2170","T6","1819",-33.51378333,115.4108833,0,16.67,0,33.33,0,0,33.33,-33.33
"2171","T6","1822",-33.51363333,115.41085,0,0,0,75,0,0,24.99,-75
"2172","T6","1824",-33.51355,115.4108333,0,0,0,40,0,60,0,-40
"2412","T7","1492",-33.50463333,115.4491333,0,60,0,0,20,0,20,0
"2413","T7","1499",-33.5044,115.449,0,91.67,0,8.33,0,0,0,-8.33
"2414","T7","1501",-33.50435,115.44895,0,22.22,0,22.22,0,0,44.44,-22.22
"2415","T7","1506",-33.50415,115.4487667,0,0,0,50,0,0,50,-50
"2416","T7","1514",-33.50386667,115.4485167,0,0,0,20,0,0,80,-20
"2417","T7","1516",-33.5038,115.4484667,0,0,0,100,0,0,0,-100
"2418","T7","1521",-33.5036,115.4483333,0,33.34,0,50,0,0,16.67,-50
"2419","T7","1524",-33.5035,115.44825,0,25,0,37.5,0,0,37.5,-37.5
"2420","T7","1532",-33.50316667,115.44805,10,40,0,50,0,0,0,-50
"2421","T7","1539",-33.50291667,115.4478833,20,10,0,50,0,0,20,-50
"2422","T7","1557",-33.50233333,115.4472667,0,0,0,100,0,0,0,-100
"2423","T7","1559",-33.50225,115.4472,0,0,0,100,0,0,0,-100
"2424","T7","1561",-33.50216667,115.44715,0,20,0,80,0,0,0,-80
"2425","T7","1563",-33.50208333,115.4470833,0,0,0,60,0,0,40,-60
"2426","T7","1566",-33.50198333,115.447,62.5,0,0,12.5,0,0,25,-12.5
"2427","T7","1568",-33.5019,115.4469667,33.33,0,0,0,55.56,0,11.11,0
"2428","T7","1570",-33.50181667,115.4469,70,0,0,30,0,0,0,-30
"2429","T7","1577",-33.5016,115.4467833,70,0,0,20,0,10,0,-20
"2430","T7","1580",-33.50158333,115.4467,0,0,0,84.62,0,0,15.38,-84.62
"2431","T7","1604",-33.50078333,115.44615,0,0,0,0,0,0,100,0
"2432","T7","1611",-33.50053333,115.4459667,0,90,0,0,0,0,10,0
"2433","T7","1616",-33.50036667,115.4458,0,0,0,0,0,0,100,0
"2434","T7","1621",-33.50015,115.44565,0,0,0,0,0,0,100,0
"2435","T7","1638",-33.49945,115.4450333,10,0,0,30,0,0,60,-30
"2436","T7","1648",-33.49901667,115.4447167,0,0,0,0,0,0,100,0
"2437","T7","1650",-33.49895,115.4446333,20,0,0,20,0,0,60,-20
"2438","T7","1658",-33.49858333,115.4445,0,10,0,0,0,0,90,0
"2439","T7","1666",-33.49821667,115.4443333,0,90,0,0,0,0,10,0
"2440","T7","1668",-33.49811667,115.4442667,30,0,0,0,0,0,70,0
"2441","T7","1674",-33.49783333,115.4441333,0,66.66,0,0,0,0,33.33,0
"2442","T7","1692",-33.49708333,115.4437,0,50,0,0,0,0,50,0
"2443","T7","1694",-33.497,115.4437,0,0,0,40,0,0,60,-40
"2444","T7","1705",-33.49673333,115.4437,40,0,0,60,0,0,0,-60
"2445","T7","1707",-33.49673333,115.4436,0,0,0,100,0,0,0,-100
"2446","T7","1715",-33.49635,115.4433,0,0,0,0,0,0,100,0
"2447","T7","1733",-33.49568333,115.44275,0,41.67,0,8.33,0,0,50.01,-8.33
"2448","T7","1741",-33.49536667,115.44255,0,0,0,93.75,0,0,6.25,-93.75
"2449","T7","1741",-33.49536667,115.44255,0,0,0,93.75,0,0,6.25,-93.75
"2450","T7","1742",-33.49533333,115.4425333,0,0,0,16.67,0,66.67,16.67,-16.67
"2451","T7","1749",-33.49503333,115.4423833,0,0,0,100,0,0,0,-100
"2452","T7","1753",-33.49483333,115.4422667,0,0,0,75,0,0,25,-75
"2453","T7","1758",-33.49463333,115.4421,0,40,0,50,0,10,0,-50
"2454","T7","1763",-33.49441667,115.4419833,0,20,0,30,10,20,20,-30
"2455","T7","1765",-33.49431667,115.4419333,0,0,0,60,0,0,40,-60
"2456","T7","1767",-33.49425,115.4418833,7.14,50,0,14.29,7.14,0,21.43,-14.29
"2457","T7","1769",-33.49416667,115.4418333,0,50.01,0,41.67,0,0,8.33000000000001,-41.67
"2458","T7","1771",-33.4941,115.4417833,0,10,0,70,0,0,20,-70
"2459","T7","1774",-33.49398333,115.4417,16.67,16.67,0,41.67,0,25,0,-41.67
"2460","T7","1776",-33.4939,115.44165,0,33.33,0,66.67,0,0,0,-66.67
"2461","T7","1793",-33.49331667,115.4413333,0,0,0,100,0,0,0,-100
"2462","T7","1801",-33.493,115.4410833,0,0,0,100,0,0,0,-100
"2463","T7","1803",-33.49293333,115.4410167,0,0,0,50,0,0,50,-50
"2464","T7","1805",-33.49285,115.4409833,0,20,0,30,0,0,50,-30
"2465","T7","1807",-33.49276667,115.4409333,0,0,0,100,0,0,0,-100
"2466","T7","1812",-33.49256667,115.4408,0,0,0,100,0,0,0,-100
"2467","T7","1817",-33.49236667,115.4406833,0,0,0,30,0,0,70,-30
"2468","T7","1826",-33.49205,115.4404667,0,10,0,90,0,0,0,-90
"2469","T7","1837",-33.49161667,115.4402667,0,42.86,0,14.29,0,42.86,0,-14.29
"2470","T7","1841",-33.49146667,115.4402,10,0,0,60,0,0,30,-60
"2471","T7","1846",-33.4913,115.4400167,0,0,0,60,0,30,10,-60
"2472","T7","1852",-33.4911,115.4398333,0,0,0,100,0,0,0,-100
"2473","T7","1854",-33.49101667,115.4397667,0,0,0,80,0,0,20,-80
"2474","T7","1861",-33.49075,115.4396,0,0,0,80,0,0,20,-80
"2475","T7","1871",-33.49038333,115.43935,0,50,0,20,0,30,0,-20
"2476","T7","1873",-33.4903,115.4392833,0,0,0,0,0,100,0,0
"2477","T7","1875",-33.49021667,115.4392333,0,10,0,70,0,10,10,-70
"2478","T7","1877",-33.49015,115.4391833,0,10,0,90,0,0,0,-90
"2479","T7","1882",-33.48996667,115.43905,10,0,0,80,0,10,0,-80
"2480","T7","1885",-33.48985,115.4389833,0,10,0,50,0,10,30,-50
"2481","T7","1887",-33.48976667,115.4389167,0,80,0,0,0,0,20,0
"2482","T7","1901",-33.48925,115.4386333,20,0,0,40,0,0,30,-40
"2483","T7","1903",-33.48916667,115.4385667,60,0,0,40,0,0,0,-40
"2484","T7","1911",-33.48886667,115.4383833,0,0,0,42.86,0,57.14,0,-42.86
"2485","T7","1918",-33.48861667,115.4382167,20,20,0,10,0,0,50,-10
"2486","T7","1932",-33.48811667,115.4378167,0,0,0,40,0,20,40,-40
"2487","T7","1939",-33.48785,115.4376333,40,0,0,30,0,0,30,-30
"2488","T7","1954",-33.4873,115.4372333,7.14,0,0,28.57,28.57,0,35.71,-28.57
"2489","T7","1961",-33.48705,115.4371,9.09,36.36,0,0,18.18,0,36.36,0
"2490","T7","1966",-33.48685,115.43695,80,0,0,0,0,0,20,0
"2491","T7","1968",-33.48678333,115.4369,50,0,0,0,0,0,50,0
"2492","T7","1981",-33.4863,115.4366,0,7.14,0,57.14,0,0,35.72,-57.14
"2493","T7","1993",-33.48583333,115.43635,0,100,0,0,0,0,0,0
"2494","T7","1998",-33.48566667,115.4362,0,20,0,10,0,0,70,-10
"2495","T7","2004",-33.48545,115.436,0,90,0,0,0,0,10,0
"2496","T7","2016",-33.48503333,115.43565,21.43,28.58,0,14.29,0,0,28.57,-14.29
"2497","T7","2018",-33.48496667,115.4356,40,0,0,0,0,0,60,0
"2498","T7","2023",-33.48476667,115.4354667,0,50,0,0,0,0,50,0
"2499","T7","2025",-33.4847,115.4354167,60,0,0,0,20,0,20,0
"2500","T7","2027",-33.48463333,115.4353667,9.09,9.09,0,54.55,0,0,27.27,-54.55
"2501","T7","2029",-33.48455,115.4353167,69.23,0,0,7.69,0,0,23.08,-7.69
"2502","T7","2032",-33.48445,115.4352167,30,0,0,50,0,0,20,-50
"2503","T7","2044",-33.484,115.4349167,0,10,0,90,0,0,0,-90
"2504","T7","2050",-33.48378333,115.43475,0,0,0,70,0,0,30,-70
"2505","T7","2055",-33.48361667,115.4345833,70,0,0,20,0,0,10,-20
"2506","T7","2057",-33.48355,115.4345,0,14.29,0,57.14,0,14.29,14.29,-57.14
"2507","T7","2061",-33.48341667,115.4343833,0,0,0,100,0,0,0,-100
"2508","T7","2064",-33.48333333,115.4342667,0,20,0,70,0,0,10,-70
"2510","T7","2077",-33.48283333,115.4339333,0,20,0,50,0,0,30,-50
"2511","T7","2081",-33.48268333,115.4337833,0,0,0,50,0,0,50,-50
"2512","T7","2092",-33.4823,115.4334667,0,0,0,70,0,30,0,-70
"2513","T7","2101",-33.48195,115.4332667,0,40,0,50,0,0,0,-50
"2514","T7","2112",-33.48156667,115.43295,0,74.99,0,25,0,0,0,-25
"2515","T7","2119",-33.48131667,115.43275,0,41.67,0,50,0,0,8.33,-50
"2516","T7","2127",-33.48101667,115.4326,0,20,0,10,0,0,70,-10
"2517","T7","2129",-33.48093333,115.4325667,38.46,38.46,0,7.69,0,0,15.38,-7.69
"2518","T7","2135",-33.4807,115.4324333,0,100,0,0,0,0,0,0
"2519","T7","2142",-33.48045,115.4322667,0,60,0,20,20,0,0,-20
"2520","T7","2150",-33.48015,115.4321167,40,50,0,0,0,0,10,0
"2521","T7","2157",-33.47988333,115.4319833,0,30,0,30,0,0,40,-30
"2522","T7","2159",-33.47981667,115.43195,0,0,0,0,10,0,90,0
"2523","T7","2166",-33.47956667,115.4318,60,20,0,0,0,0,20,0
"2524","T7","2168",-33.47948333,115.4317667,50,30,0,0,0,0,20,0
"2525","T7","2174",-33.47928333,115.4316167,40,10,0,10,0,0,40,-10
"2526","T7","2179",-33.47911667,115.4314833,71.43,0,0,28.57,0,0,0,-28.57
"2527","T7","2186",-33.47885,115.4313167,50,10,0,0,0,0,40,0
"2528","T7","2188",-33.47876667,115.4312833,70,0,0,0,0,0,30,0
"2529","T7","2190",-33.47868333,115.43125,40,0,0,0,0,0,60,0
"2530","T7","2191",-33.47865,115.4312333,80,0,0,0,0,0,20,0
"2531","T7","2195",-33.47848333,115.4311833,30.76,15.38,0,23.08,7.69,0,23.08,-23.08
"2532","T7","2213",-33.47786667,115.43065,0,30,0,60,0,0,10,-60
"2533","T7","2215",-33.47778333,115.4306167,0,40,0,60,0,0,0,-60
"2534","T7","2224",-33.47741667,115.43045,0,100,0,0,0,0,0,0
"2535","T7","2232",-33.47713333,115.4303,20,70,0,0,0,0,10,0
"2536","T7","2234",-33.47705,115.4302333,30,50,0,10,0,0,10,-10
"2537","T7","2236",-33.47698333,115.4301833,16.67,16.67,0,50,0,0,0,-50
"2538","T7","2243",-33.47673333,115.4300167,8.33,33.34,0,58.33,0,0,0,-58.33
"2539","T7","2246",-33.47661667,115.4299833,0,81.81,0,9.09,0,0,9.09,-9.09
"2540","T7","2248",-33.47653333,115.42995,0,28.58,0,21.43,0,0,50,-21.43
"2541","T7","2257",-33.47621667,115.4297333,0,50,0,12.5,0,0,37.5,-12.5
"2542","T7","2267",-33.47591667,115.4293667,0,10,0,70,0,0,10,-70
"2543","T7","2280",-33.47548333,115.4289667,50,30,0,0,0,0,20,0
"2544","T7","2284",-33.47535,115.4289,10,30,0,0,0,20,40,0
"2545","T7","2286",-33.47526667,115.4288333,18.18,72.72,0,0,0,0,9.08999999999999,0
"2546","T7","2293",-33.475,115.42865,0,100,0,0,0,0,0,0
"2547","T7","2295",-33.47493333,115.4286,0,60,0,20,0,0,20,-20
"2548","T7","2297",-33.47486667,115.42855,0,80,0,20,0,0,0,-20
"2549","T7","2307",-33.47451667,115.4282833,20,40,0,0,0,0,40,0
"2550","T7","2316",-33.47416667,115.4281167,0,88.89,0,0,0,0,0,0
"2551","T7","2326",-33.47378333,115.4278833,0,90.91,0,0,0,0,9.09,0
"2552","T7","2330",-33.47365,115.4278,0,100,0,0,0,0,0,0
"2553","T7","2332",-33.47356667,115.42775,16.67,0,0,41.67,33.33,0,8.33,-41.67
"2554","T7","2337",-33.47336667,115.4276833,6.67,53.33,0,0,13.34,0,26.66,0
"2555","T7","2344",-33.47311667,115.4275333,0,60,0,0,0,0,40,0
"2556","T7","2353",-33.47281667,115.4273833,0,33.33,0,0,0,0,58.32,0
"2557","T7","2355",-33.47271667,115.4273333,0,0,0,55.56,0,0,44.44,-55.56
"2558","T7","2364",-33.4724,115.42715,37.5,0,0,0,0,0,37.5,0
"2559","T7","2370",-33.47215,115.4270333,90,0,0,0,0,0,10,0
"2560","T7","2375",-33.47196667,115.42695,25,25,0,41.67,0,0,8.33,-41.67
"2561","T7","2377",-33.47188333,115.4269167,10,50,0,20,0,0,20,-20
"2562","T7","2380",-33.47176667,115.4268833,54.54,9.09,0,0,27.27,0,9.09,0
"2563","T7","2382",-33.4717,115.4268333,40,0,0,40,10,0,0,-30
"2564","T7","2384",-33.47161667,115.4268,41.67,25,0,0,0,0,33.33,0
"2565","T7","2386",-33.47155,115.4267667,10,30,0,0,0,0,50,0
"2566","T7","2388",-33.47146667,115.4267333,20,40,0,0,0,10,30,0
"2567","T7","2400",-33.471,115.42645,0,90,0,0,0,0,10,0
"2568","T7","2403",-33.4709,115.4263833,30,30,0,0,0,0,40,0
"2569","T7","2405",-33.47083333,115.4263333,20,30,0,0,0,10,40,0
"2570","T7","2412",-33.4706,115.4261,0,60,0,30,0,0,10,-30
"2571","T7","2426",-33.47003333,115.4258833,8.33,25,0,0,16.67,0,50,0
"2572","T7","2428",-33.46995,115.4258667,66.66,0,0,0,0,0,16.67,0
"2573","T7","2430",-33.46986667,115.42585,8.33,0,0,8.33,0,8.33,75.01,-8.33
"2574","T7","2434",-33.46971667,115.4257667,0,90.91,0,0,0,0,9.09,0
"2575","T7","2447",-33.46926667,115.4254333,0,60,0,0,0,20,20,0
"2576","T7","2449",-33.46918333,115.4253833,0,70,0,10,0,0,20,-10
"2577","T7","2451",-33.4691,115.4253167,10,20,0,20,0,20,30,-20
"2578","T7","2463",-33.46868333,115.4249833,0,20,0,0,0,0,80,0
"2579","T7","2470",-33.46846667,115.42475,0,0,0,0,0,0,100,0
"2580","T7","2482",-33.46808333,115.4243833,70,0,0,0,0,0,0,0
"2581","T7","2489",-33.46786667,115.4241667,0,90,0,0,0,0,10,0
"2582","T7","2491",-33.4678,115.4241167,0,40,0,60,0,0,0,-60
"2583","T7","2493",-33.46773333,115.4240667,0,100,0,0,0,0,0,0
"2584","T7","2500",-33.46751667,115.4238667,0,100,0,0,0,0,0,0
"2585","T7","2502",-33.46743333,115.4238333,38.46,53.85,0,0,0,0,7.69,0
"2586","T7","2504",-33.46736667,115.4237833,0,100,0,0,0,0,0,0
"2587","T7","2506",-33.4673,115.4237167,0,83.33,0,0,0,0,16.67,0
"2588","T7","2508",-33.46723333,115.42365,20,60,0,10,0,0,10,-10
"2589","T7","2529",-33.46653333,115.42305,0,0,0,0,0,0,0,0
"2590","T7","2531",-33.46646667,115.4229667,0,0,0,0,0,0,25,0
"2591","T7","2536",-33.46631667,115.4228,0,0,0,0,0,0,0,0
"2592","T7","2543",-33.4661,115.42255,0,0,0,0,0,0,11.11,0
"2593","T7","2547",-33.46598333,115.4224833,0,0,0,0,0,0,30,0
"2594","T7","2553",-33.46576667,115.4223333,0,100,0,0,0,0,0,0
"2595","T7","2558",-33.46556667,115.4222333,0,0,0,0,0,0,100,0
"2596","T7","2566",-33.46525,115.4220667,0,0,0,0,0,0,100,0
"2597","T7","2571",-33.46508333,115.42195,0,0,0,0,0,0,50,0
"2598","T7","2573",-33.46501667,115.4218833,37.5,0,0,0,0,0,12.5,0
"2599","T7","2575",-33.46493333,115.4218667,0,0,0,0,0,0,0,0
"2600","T7","2577",-33.46488333,115.4218667,60,0,0,0,0,0,0,0
"2601","T7","2579",-33.46483333,115.4218333,0,63.64,0,27.27,0,0,9.09,-27.27
"2602","T7","2597",-33.46425,115.4213667,0,0,0,0,0,0,0,0
"2603","T7","2599",-33.46418333,115.42125,0,0,0,0,0,0,66.67,0
"2604","T7","2601",-33.46411667,115.4211833,0,0,0,0,0,0,0,0
"2605","T7","2603",-33.46405,115.42115,0,0,0,25,0,0,0,-25
"2606","T7","2614",-33.46363333,115.421,0,0,0,0,0,0,100,0
"2607","T7","2621",-33.46341667,115.42085,0,0,0,0,0,0,0,0
"2608","T7","2623",-33.46335,115.4208,66.66,0,0,0,0,0,33.33,0
"2609","T7","2625",-33.4633,115.42075,0,0,0,14.29,0,0,14.29,-14.29
"2610","T7","2627",-33.4632,115.4207333,0,12.5,0,0,0,0,50,0
"2611","T7","2629",-33.46311667,115.4206833,0,0,0,0,0,0,100,0
"2612","T7","2631",-33.46303333,115.42065,0,25,0,12.5,0,0,62.5,-12.5
"2613","T7","2633",-33.46296667,115.4206167,0,100,0,0,0,0,0,0
"2614","T7","2635",-33.46288333,115.4206,0,100,0,0,0,0,0,0
"2615","T7","2637",-33.46281667,115.4206,0,80,0,0,0,0,20,0
"2616","T7","2642",-33.46265,115.4204333,0,0,0,0,0,0,100,0
